{"name": "JVASP-910_La_La_c", "def_en": 1.7453438478355991, "energy": -72.36921587998637, "perf_atoms": {"directgap": 2.1168032414487166e-06, "indirectgap": -0.18828492732437688, "energy": -79.05803622192481, "force": "na", "stress": "na"}, "defect_atoms": {"lattice_mat": [[3.73804, -6.47446, 0.0], [3.73804, 6.47446, 0.0], [0.0, 0.0, 11.99005]], "coords": [[0.0, 0.0, 0.5], [0.0, 0.5, 0.5], [0.5, 0.0, 0.5], [0.5, 0.5, 0.5], [0.0, 0.0, 0.0], [0.0, 0.5, 0.0], [0.5, 0.0, 0.0], [0.5, 0.5, 0.0], [0.16666666666666666, 0.3333333333333333, 0.25], [0.16666666666666666, 0.8333333333333333, 0.25], [0.6666666666666666, 0.3333333333333333, 0.25], [0.6666666666666666, 0.8333333333333333, 0.25], [0.33333333333333337, 0.6666666666666667, 0.75], [0.8333333333333334, 0.16666666666666669, 0.75], [0.8333333333333334, 0.6666666666666667, 0.75]], "elements": ["La", "La", "La", "La", "La", "La", "La", "La", "La", "La", "La", "La", "La", "La", "La"], "abc": [7.476067, 7.476067, 11.99005], "angles": [90.0, 90.0, 119.9999], "cartesian": false, "props": ["a", "a", "a", "a", "a", "a", "a", "a", "c", "c", "c", "c", "c", "c", "c"]}}