{"name": "JVASP-996_Sc_Sc_c", "def_en": 2.436252989436116, "energy": -78.37844606865094, "perf_atoms": {"directgap": 0.0, "indirectgap": -0.348993196790308, "energy": -85.56827322250346, "force": "na", "stress": "na"}, "defect_atoms": {"lattice_mat": [[4.9371, -8.55132, 0.0], [4.9371, 8.55132, 0.0], [0.0, 0.0, 5.10164]], "coords": [[0.2222222222222222, 0.1111111111111111, 0.75], [0.2222222222222222, 0.4444444444444444, 0.75], [0.2222222222222222, 0.7777777777777778, 0.75], [0.5555555555555555, 0.1111111111111111, 0.75], [0.5555555555555555, 0.4444444444444444, 0.75], [0.5555555555555555, 0.7777777777777778, 0.75], [0.8888888888888888, 0.1111111111111111, 0.75], [0.8888888888888888, 0.4444444444444444, 0.75], [0.11111111111111112, 0.22222222222222224, 0.25], [0.11111111111111112, 0.5555555555555556, 0.25], [0.11111111111111112, 0.888888888888889, 0.25], [0.4444444444444445, 0.22222222222222224, 0.25], [0.4444444444444445, 0.5555555555555556, 0.25], [0.4444444444444445, 0.888888888888889, 0.25], [0.7777777777777778, 0.22222222222222224, 0.25], [0.7777777777777778, 0.5555555555555556, 0.25], [0.7777777777777778, 0.888888888888889, 0.25]], "elements": ["Sc", "Sc", "Sc", "Sc", "Sc", "Sc", "Sc", "Sc", "Sc", "Sc", "Sc", "Sc", "Sc", "Sc", "Sc", "Sc", "Sc"], "abc": [9.87421, 9.87421, 5.10164], "angles": [90.0, 90.0, 120.0001], "cartesian": false, "props": ["c", "c", "c", "c", "c", "c", "c", "c", "c", "c", "c", "c", "c", "c", "c", "c", "c"]}}