{"name": "JVASP-25210_Te_Te_a", "def_en": 1.5587792806399654, "energy": -34.963446891084736, "perf_atoms": {"directgap": 0.5404678107688375, "indirectgap": 0.5143614165030701, "energy": -39.84243022900264, "force": "na", "stress": "na"}, "defect_atoms": {"lattice_mat": [[4.48124, -7.76172, 0.0], [4.48124, 7.76172, 0.0], [0.0, 0.0, 5.99658]], "coords": [[0.0, 0.13611401050696129, 0.3333333333333333], [0.5, 0.13611401050696129, 0.3333333333333333], [0.5, 0.6361140105069613, 0.3333333333333333], [0.13611401050696129, 0.0, 0.6666666666666666], [0.13611401050696129, 0.5, 0.6666666666666666], [0.6361140105069613, 0.0, 0.6666666666666666], [0.6361140105069613, 0.5, 0.6666666666666666], [0.36388598949303874, 0.36388598949303874, 0.0], [0.36388598949303874, 0.8638859894930387, 0.0], [0.8638859894930387, 0.36388598949303874, 0.0], [0.8638859894930387, 0.8638859894930387, 0.0]], "elements": ["Te", "Te", "Te", "Te", "Te", "Te", "Te", "Te", "Te", "Te", "Te"], "abc": [8.962467, 8.962467, 5.99658], "angles": [90.0, 90.0, 119.9999], "cartesian": false, "props": ["a", "a", "a", "a", "a", "a", "a", "a", "a", "a", "a"]}}