{"name": "JVASP-14622_Ga_Ga_f", "def_en": 1.2165412834673912, "energy": -95.5983949666276, "perf_atoms": {"directgap": 0.0010479321716559407, "indirectgap": -0.29615851317876063, "energy": -99.93935474280103, "force": "na", "stress": "na"}, "defect_atoms": {"lattice_mat": [[9.2302, 0.0, 0.0], [0.0, 7.69884, 0.0], [0.0, 0.0, 9.11866]], "coords": [[0.25, 0.8438880470675088, 0.2069550602158856], [0.25, 0.8438880470675088, 0.7069550602158856], [0.75, 0.8438880470675088, 0.2069550602158856], [0.75, 0.8438880470675088, 0.7069550602158856], [0.25, 0.6561119529324912, 0.4569550602158856], [0.25, 0.6561119529324912, 0.9569550602158856], [0.75, 0.6561119529324912, 0.4569550602158856], [0.75, 0.6561119529324912, 0.9569550602158856], [0.25, 0.15611195293249125, 0.2930449397841144], [0.25, 0.15611195293249125, 0.7930449397841144], [0.75, 0.15611195293249125, 0.2930449397841144], [0.75, 0.15611195293249125, 0.7930449397841144], [0.25, 0.34388804706750875, 0.04304493978411439], [0.25, 0.34388804706750875, 0.5430449397841144], [0.75, 0.34388804706750875, 0.04304493978411439], [0.75, 0.34388804706750875, 0.5430449397841144], [0.0, 0.34388804706750875, 0.2069550602158856], [0.0, 0.34388804706750875, 0.7069550602158856], [0.5, 0.34388804706750875, 0.2069550602158856], [0.5, 0.34388804706750875, 0.7069550602158856], [0.0, 0.15611195293249125, 0.4569550602158856], [0.0, 0.15611195293249125, 0.9569550602158856], [0.5, 0.15611195293249125, 0.4569550602158856], [0.5, 0.15611195293249125, 0.9569550602158856], [0.0, 0.6561119529324912, 0.7930449397841144], [0.5, 0.6561119529324912, 0.2930449397841144], [0.5, 0.6561119529324912, 0.7930449397841144], [0.0, 0.8438880470675088, 0.04304493978411439], [0.0, 0.8438880470675088, 0.5430449397841144], [0.5, 0.8438880470675088, 0.04304493978411439], [0.5, 0.8438880470675088, 0.5430449397841144]], "elements": ["Ga", "Ga", "Ga", "Ga", "Ga", "Ga", "Ga", "Ga", "Ga", "Ga", "Ga", "Ga", "Ga", "Ga", "Ga", "Ga", "Ga", "Ga", "Ga", "Ga", "Ga", "Ga", "Ga", "Ga", "Ga", "Ga", "Ga", "Ga", "Ga", "Ga", "Ga"], "abc": [9.2302, 7.69884, 9.11866], "angles": [90.0, 90.0, 90.0], "cartesian": false, "props": ["f", "f", "f", "f", "f", "f", "f", "f", "f", "f", "f", "f", "f", "f", "f", "f", "f", "f", "f", "f", "f", "f", "f", "f", "f", "f", "f", "f", "f", "f", "f"]}}