{"name": "JVASP-1056_Zn_Zn_c", "def_en": 1.0722575791035551, "energy": -24.63651871051949, "perf_atoms": {"directgap": 2.6434378703005247e-15, "indirectgap": -0.7758378854846859, "energy": -27.204267464610375, "force": "na", "stress": "na"}, "defect_atoms": {"lattice_mat": [[3.94395, -6.83112, 0.0], [3.94395, 6.83112, 0.0], [0.0, 0.0, 5.20627]], "coords": [[0.2222222222222222, 0.1111111111111111, 0.75], [0.2222222222222222, 0.4444444444444444, 0.75], [0.5555555555555555, 0.1111111111111111, 0.75], [0.5555555555555555, 0.4444444444444444, 0.75], [0.5555555555555555, 0.7777777777777778, 0.75], [0.8888888888888888, 0.1111111111111111, 0.75], [0.8888888888888888, 0.4444444444444444, 0.75], [0.8888888888888888, 0.7777777777777778, 0.75], [0.11111111111111112, 0.22222222222222224, 0.25], [0.11111111111111112, 0.5555555555555556, 0.25], [0.11111111111111112, 0.888888888888889, 0.25], [0.4444444444444445, 0.22222222222222224, 0.25], [0.4444444444444445, 0.5555555555555556, 0.25], [0.4444444444444445, 0.888888888888889, 0.25], [0.7777777777777778, 0.22222222222222224, 0.25], [0.7777777777777778, 0.5555555555555556, 0.25], [0.7777777777777778, 0.888888888888889, 0.25]], "elements": ["Zn", "Zn", "Zn", "Zn", "Zn", "Zn", "Zn", "Zn", "Zn", "Zn", "Zn", "Zn", "Zn", "Zn", "Zn", "Zn", "Zn"], "abc": [7.887898, 7.887898, 5.20627], "angles": [90.0, 90.0, 120.0], "cartesian": false, "props": ["c", "c", "c", "c", "c", "c", "c", "c", "c", "c", "c", "c", "c", "c", "c", "c", "c"]}}