{"name": "JVASP-834_Be_Be_d", "def_en": 2.069858772856639, "energy": -247.87995263913717, "perf_atoms": {"directgap": 9.62966652752334e-15, "indirectgap": -0.5641477935020023, "energy": -253.90986963667572, "force": "na", "stress": "na"}, "defect_atoms": {"lattice_mat": [[4.52976, -7.84572, 0.0], [4.52976, 7.84572, 0.0], [0.0, 0.0, 7.1319]], "coords": [[0.16666666666666666, 0.08333333333333333, 0.125], [0.16666666666666666, 0.08333333333333333, 0.625], [0.16666666666666666, 0.3333333333333333, 0.125], [0.16666666666666666, 0.3333333333333333, 0.625], [0.16666666666666666, 0.5833333333333334, 0.125], [0.16666666666666666, 0.5833333333333334, 0.625], [0.16666666666666666, 0.8333333333333334, 0.125], [0.16666666666666666, 0.8333333333333334, 0.625], [0.41666666666666663, 0.08333333333333333, 0.125], [0.41666666666666663, 0.08333333333333333, 0.625], [0.41666666666666663, 0.3333333333333333, 0.125], [0.41666666666666663, 0.3333333333333333, 0.625], [0.41666666666666663, 0.5833333333333334, 0.125], [0.41666666666666663, 0.5833333333333334, 0.625], [0.41666666666666663, 0.8333333333333334, 0.125], [0.41666666666666663, 0.8333333333333334, 0.625], [0.6666666666666666, 0.08333333333333333, 0.125], [0.6666666666666666, 0.08333333333333333, 0.625], [0.6666666666666666, 0.3333333333333333, 0.625], [0.6666666666666666, 0.5833333333333334, 0.125], [0.6666666666666666, 0.5833333333333334, 0.625], [0.6666666666666666, 0.8333333333333334, 0.125], [0.6666666666666666, 0.8333333333333334, 0.625], [0.9166666666666666, 0.08333333333333333, 0.125], [0.9166666666666666, 0.08333333333333333, 0.625], [0.9166666666666666, 0.3333333333333333, 0.125], [0.9166666666666666, 0.3333333333333333, 0.625], [0.9166666666666666, 0.5833333333333334, 0.125], [0.9166666666666666, 0.5833333333333334, 0.625], [0.9166666666666666, 0.8333333333333334, 0.125], [0.9166666666666666, 0.8333333333333334, 0.625], [0.08333333333333334, 0.16666666666666669, 0.375], [0.08333333333333334, 0.16666666666666669, 0.875], [0.08333333333333334, 0.4166666666666667, 0.375], [0.08333333333333334, 0.4166666666666667, 0.875], [0.08333333333333334, 0.6666666666666667, 0.375], [0.08333333333333334, 0.6666666666666667, 0.875], [0.08333333333333334, 0.9166666666666667, 0.375], [0.08333333333333334, 0.9166666666666667, 0.875], [0.33333333333333337, 0.16666666666666669, 0.375], [0.33333333333333337, 0.16666666666666669, 0.875], [0.33333333333333337, 0.4166666666666667, 0.375], [0.33333333333333337, 0.4166666666666667, 0.875], [0.33333333333333337, 0.6666666666666667, 0.375], [0.33333333333333337, 0.6666666666666667, 0.875], [0.33333333333333337, 0.9166666666666667, 0.375], [0.33333333333333337, 0.9166666666666667, 0.875], [0.5833333333333334, 0.16666666666666669, 0.375], [0.5833333333333334, 0.16666666666666669, 0.875], [0.5833333333333334, 0.4166666666666667, 0.375], [0.5833333333333334, 0.4166666666666667, 0.875], [0.5833333333333334, 0.6666666666666667, 0.375], [0.5833333333333334, 0.6666666666666667, 0.875], [0.5833333333333334, 0.9166666666666667, 0.375], [0.5833333333333334, 0.9166666666666667, 0.875], [0.8333333333333334, 0.16666666666666669, 0.375], [0.8333333333333334, 0.16666666666666669, 0.875], [0.8333333333333334, 0.4166666666666667, 0.375], [0.8333333333333334, 0.4166666666666667, 0.875], [0.8333333333333334, 0.6666666666666667, 0.375], [0.8333333333333334, 0.6666666666666667, 0.875], [0.8333333333333334, 0.9166666666666667, 0.375], [0.8333333333333334, 0.9166666666666667, 0.875]], "elements": ["Be", "Be", "Be", "Be", "Be", "Be", "Be", "Be", "Be", "Be", "Be", "Be", "Be", "Be", "Be", "Be", "Be", "Be", "Be", "Be", "Be", "Be", "Be", "Be", "Be", "Be", "Be", "Be", "Be", "Be", "Be", "Be", "Be", "Be", "Be", "Be", "Be", "Be", "Be", "Be", "Be", "Be", "Be", "Be", "Be", "Be", "Be", "Be", "Be", "Be", "Be", "Be", "Be", "Be", "Be", "Be", "Be", "Be", "Be", "Be", "Be", "Be", "Be"], "abc": [9.059473, 9.059473, 7.1319], "angles": [90.0, 90.0, 119.9997], "cartesian": false, "props": ["d", "d", "d", "d", "d", "d", "d", "d", "d", "d", "d", "d", "d", "d", "d", "d", "d", "d", "d", "d", "d", "d", "d", "d", "d", "d", "d", "d", "d", "d", "d", "d", "d", "d", "d", "d", "d", "d", "d", "d", "d", "d", "d", "d", "d", "d", "d", "d", "d", "d", "d", "d", "d", "d", "d", "d", "d", "d", "d", "d", "d", "d", "d"]}}