{"name": "JVASP-901_Ir_Ir_a", "def_en": 1.937473381175634, "energy": -292.3478124053927, "perf_atoms": {"directgap": 0.0, "indirectgap": -0.1991333928307039, "energy": -303.78102390978455, "force": "na", "stress": "na"}, "defect_atoms": {"lattice_mat": [[7.76704, 0.0, 0.0], [0.0, 7.76704, 0.0], [0.0, 0.0, 7.76704]], "coords": [[0.0, 0.0, 0.0], [0.0, 0.0, 0.5], [0.0, 0.5, 0.0], [0.0, 0.5, 0.5], [0.5, 0.0, 0.0], [0.5, 0.0, 0.5], [0.5, 0.5, 0.0], [0.5, 0.5, 0.5], [0.0, 0.25, 0.25], [0.0, 0.25, 0.75], [0.0, 0.75, 0.25], [0.0, 0.75, 0.75], [0.5, 0.25, 0.25], [0.5, 0.25, 0.75], [0.5, 0.75, 0.25], [0.5, 0.75, 0.75], [0.25, 0.0, 0.75], [0.25, 0.5, 0.25], [0.25, 0.5, 0.75], [0.75, 0.0, 0.25], [0.75, 0.0, 0.75], [0.75, 0.5, 0.25], [0.75, 0.5, 0.75], [0.25, 0.25, 0.0], [0.25, 0.25, 0.5], [0.25, 0.75, 0.0], [0.25, 0.75, 0.5], [0.75, 0.25, 0.0], [0.75, 0.25, 0.5], [0.75, 0.75, 0.0], [0.75, 0.75, 0.5]], "elements": ["Ir", "Ir", "Ir", "Ir", "Ir", "Ir", "Ir", "Ir", "Ir", "Ir", "Ir", "Ir", "Ir", "Ir", "Ir", "Ir", "Ir", "Ir", "Ir", "Ir", "Ir", "Ir", "Ir", "Ir", "Ir", "Ir", "Ir", "Ir", "Ir", "Ir", "Ir"], "abc": [7.76704, 7.76704, 7.76704], "angles": [90.0, 90.0, 90.0], "cartesian": false, "props": ["a", "a", "a", "a", "a", "a", "a", "a", "a", "a", "a", "a", "a", "a", "a", "a", "a", "a", "a", "a", "a", "a", "a", "a", "a", "a", "a", "a", "a", "a", "a"]}}