{"name": "JVASP-984_Rh_Rh_b", "def_en": 2.096151023576776, "energy": -216.09108522529667, "perf_atoms": {"directgap": 1.548859227776218e-06, "indirectgap": -0.1913260399413419, "energy": -225.21954893895912, "force": "na", "stress": "na"}, "defect_atoms": {"lattice_mat": [[7.66442, 0.0, 0.0], [0.0, 7.66442, 0.0], [0.0, 0.0, 7.66442]], "coords": [[0.0, 0.25, 0.0], [0.0, 0.25, 0.5], [0.0, 0.75, 0.0], [0.0, 0.75, 0.5], [0.5, 0.25, 0.0], [0.5, 0.25, 0.5], [0.5, 0.75, 0.0], [0.5, 0.75, 0.5], [0.0, 0.0, 0.25], [0.0, 0.0, 0.75], [0.0, 0.5, 0.25], [0.0, 0.5, 0.75], [0.5, 0.0, 0.25], [0.5, 0.0, 0.75], [0.5, 0.5, 0.25], [0.5, 0.5, 0.75], [0.25, 0.25, 0.25], [0.25, 0.25, 0.75], [0.25, 0.75, 0.25], [0.25, 0.75, 0.75], [0.75, 0.25, 0.25], [0.75, 0.25, 0.75], [0.75, 0.75, 0.75], [0.25, 0.0, 0.0], [0.25, 0.0, 0.5], [0.25, 0.5, 0.0], [0.25, 0.5, 0.5], [0.75, 0.0, 0.0], [0.75, 0.0, 0.5], [0.75, 0.5, 0.0], [0.75, 0.5, 0.5]], "elements": ["Rh", "Rh", "Rh", "Rh", "Rh", "Rh", "Rh", "Rh", "Rh", "Rh", "Rh", "Rh", "Rh", "Rh", "Rh", "Rh", "Rh", "Rh", "Rh", "Rh", "Rh", "Rh", "Rh", "Rh", "Rh", "Rh", "Rh", "Rh", "Rh", "Rh", "Rh"], "abc": [7.66442, 7.66442, 7.66442], "angles": [90.0, 90.0, 90.0], "cartesian": false, "props": ["b", "b", "b", "b", "b", "b", "b", "b", "b", "b", "b", "b", "b", "b", "b", "b", "b", "b", "b", "b", "b", "b", "b", "b", "b", "b", "b", "b", "b", "b", "b"]}}