{"name": "JVASP-981_Re_Re_c", "def_en": 3.749397604030994, "energy": -421.2143524483835, "perf_atoms": {"directgap": 0.0, "indirectgap": -0.3560624029337969, "energy": -437.10073974998244, "force": "na", "stress": "na"}, "defect_atoms": {"lattice_mat": [[4.18086, -7.24149, 0.0], [4.18086, 7.24149, 0.0], [0.0, 0.0, 8.97802]], "coords": [[0.2222222222222222, 0.1111111111111111, 0.375], [0.2222222222222222, 0.1111111111111111, 0.875], [0.2222222222222222, 0.4444444444444444, 0.375], [0.2222222222222222, 0.4444444444444444, 0.875], [0.2222222222222222, 0.7777777777777778, 0.875], [0.5555555555555555, 0.1111111111111111, 0.375], [0.5555555555555555, 0.1111111111111111, 0.875], [0.5555555555555555, 0.4444444444444444, 0.375], [0.5555555555555555, 0.4444444444444444, 0.875], [0.5555555555555555, 0.7777777777777778, 0.375], [0.5555555555555555, 0.7777777777777778, 0.875], [0.8888888888888888, 0.1111111111111111, 0.375], [0.8888888888888888, 0.1111111111111111, 0.875], [0.8888888888888888, 0.4444444444444444, 0.375], [0.8888888888888888, 0.4444444444444444, 0.875], [0.8888888888888888, 0.7777777777777778, 0.375], [0.8888888888888888, 0.7777777777777778, 0.875], [0.11111111111111112, 0.22222222222222224, 0.125], [0.11111111111111112, 0.22222222222222224, 0.625], [0.11111111111111112, 0.5555555555555556, 0.125], [0.11111111111111112, 0.5555555555555556, 0.625], [0.11111111111111112, 0.888888888888889, 0.125], [0.11111111111111112, 0.888888888888889, 0.625], [0.4444444444444445, 0.22222222222222224, 0.125], [0.4444444444444445, 0.22222222222222224, 0.625], [0.4444444444444445, 0.5555555555555556, 0.125], [0.4444444444444445, 0.5555555555555556, 0.625], [0.4444444444444445, 0.888888888888889, 0.125], [0.4444444444444445, 0.888888888888889, 0.625], [0.7777777777777778, 0.22222222222222224, 0.125], [0.7777777777777778, 0.22222222222222224, 0.625], [0.7777777777777778, 0.5555555555555556, 0.125], [0.7777777777777778, 0.5555555555555556, 0.625], [0.7777777777777778, 0.888888888888889, 0.125], [0.7777777777777778, 0.888888888888889, 0.625]], "elements": ["Re", "Re", "Re", "Re", "Re", "Re", "Re", "Re", "Re", "Re", "Re", "Re", "Re", "Re", "Re", "Re", "Re", "Re", "Re", "Re", "Re", "Re", "Re", "Re", "Re", "Re", "Re", "Re", "Re", "Re", "Re", "Re", "Re", "Re", "Re"], "abc": [8.361744, 8.361744, 8.97802], "angles": [90.0, 90.0, 120.0002], "cartesian": false, "props": ["c", "c", "c", "c", "c", "c", "c", "c", "c", "c", "c", "c", "c", "c", "c", "c", "c", "c", "c", "c", "c", "c", "c", "c", "c", "c", "c", "c", "c", "c", "c", "c", "c", "c", "c"]}}