{"name": "JVASP-895_I_I_f", "def_en": 0.9436944652131201, "energy": -21.930621423050646, "perf_atoms": {"directgap": 0.9725384570600827, "indirectgap": 0.7501964056548193, "energy": -24.399272416965395, "force": "na", "stress": "na"}, "defect_atoms": {"lattice_mat": [[9.17718, 0.0, 0.0], [0.0, 7.38588, 0.0], [0.0, 0.0, 9.73143]], "coords": [[0.08398613763617224, 0.0, 0.12177574269046787], [0.5839861376361722, 0.0, 0.12177574269046787], [0.16601386236382776, 0.0, 0.6217757426904679], [0.6660138623638278, 0.0, 0.6217757426904679], [0.33398613763617224, 0.0, 0.37822425730953213], [0.8339861376361722, 0.0, 0.37822425730953213], [0.41601386236382776, 0.0, 0.8782242573095321], [0.9160138623638278, 0.0, 0.8782242573095321], [0.33398613763617224, 0.5, 0.12177574269046787], [0.8339861376361722, 0.5, 0.12177574269046787], [0.9160138623638278, 0.5, 0.6217757426904679], [0.08398613763617224, 0.5, 0.37822425730953213], [0.5839861376361722, 0.5, 0.37822425730953213], [0.16601386236382776, 0.5, 0.8782242573095321], [0.6660138623638278, 0.5, 0.8782242573095321]], "elements": ["I", "I", "I", "I", "I", "I", "I", "I", "I", "I", "I", "I", "I", "I", "I"], "abc": [9.17718, 7.38588, 9.73143], "angles": [90.0, 90.0, 90.0], "cartesian": false, "props": ["f", "f", "f", "f", "f", "f", "f", "f", "f", "f", "f", "f", "f", "f", "f"]}}