{"name": "JVASP-39_Al17N18_Al_b", "def_en": 10.886013180302973, "energy": -260.1488167790247, "perf_atoms": {"directgap": 4.130884421193178, "indirectgap": 4.006537439839724, "energy": -274.9287784911269, "force": "na", "stress": "na"}, "defect_atoms": {"lattice_mat": [[4.69506, -8.13207, 0.0], [4.69506, 8.13207, 0.0], [0.0, 0.0, 5.02125]], "coords": [[0.1111111111111111, 0.2222222222222222, 0.9993312971779396], [0.1111111111111111, 0.5555555555555555, 0.9993312971779396], [0.1111111111111111, 0.8888888888888888, 0.9993312971779396], [0.4444444444444444, 0.2222222222222222, 0.9993312971779396], [0.4444444444444444, 0.5555555555555555, 0.9993312971779396], [0.4444444444444444, 0.8888888888888888, 0.9993312971779396], [0.7777777777777778, 0.2222222222222222, 0.9993312971779396], [0.7777777777777778, 0.5555555555555555, 0.9993312971779396], [0.7777777777777778, 0.8888888888888888, 0.9993312971779396], [0.22222222222222224, 0.1111111111111111, 0.49933129717793956], [0.22222222222222224, 0.4444444444444444, 0.49933129717793956], [0.5555555555555556, 0.1111111111111111, 0.49933129717793956], [0.5555555555555556, 0.4444444444444444, 0.49933129717793956], [0.5555555555555556, 0.7777777777777778, 0.49933129717793956], [0.888888888888889, 0.1111111111111111, 0.49933129717793956], [0.888888888888889, 0.4444444444444444, 0.49933129717793956], [0.888888888888889, 0.7777777777777778, 0.49933129717793956], [0.1111111111111111, 0.2222222222222222, 0.3806687028220628], [0.1111111111111111, 0.5555555555555555, 0.3806687028220628], [0.1111111111111111, 0.8888888888888888, 0.3806687028220628], [0.4444444444444444, 0.2222222222222222, 0.3806687028220628], [0.4444444444444444, 0.5555555555555555, 0.3806687028220628], [0.4444444444444444, 0.8888888888888888, 0.3806687028220628], [0.7777777777777778, 0.2222222222222222, 0.3806687028220628], [0.7777777777777778, 0.5555555555555555, 0.3806687028220628], [0.7777777777777778, 0.8888888888888888, 0.3806687028220628], [0.22222222222222224, 0.1111111111111111, 0.8806687028220628], [0.22222222222222224, 0.4444444444444444, 0.8806687028220628], [0.22222222222222224, 0.7777777777777778, 0.8806687028220628], [0.5555555555555556, 0.1111111111111111, 0.8806687028220628], [0.5555555555555556, 0.4444444444444444, 0.8806687028220628], [0.5555555555555556, 0.7777777777777778, 0.8806687028220628], [0.888888888888889, 0.1111111111111111, 0.8806687028220628], [0.888888888888889, 0.4444444444444444, 0.8806687028220628], [0.888888888888889, 0.7777777777777778, 0.8806687028220628]], "elements": ["Al", "Al", "Al", "Al", "Al", "Al", "Al", "Al", "Al", "Al", "Al", "Al", "Al", "Al", "Al", "Al", "Al", "N", "N", "N", "N", "N", "N", "N", "N", "N", "N", "N", "N", "N", "N", "N", "N", "N", "N"], "abc": [9.390109, 9.390109, 5.02125], "angles": [90.0, 90.0, 119.9999], "cartesian": false, "props": ["b", "b", "b", "b", "b", "b", "b", "b", "b", "b", "b", "b", "b", "b", "b", "b", "b", "b", "b", "b", "b", "b", "b", "b", "b", "b", "b", "b", "b", "b", "b", "b", "b", "b", "b"]}}