{"name": "JVASP-14601_Sn_Sn_b", "def_en": 2.46164516600761, "energy": -25.71054460946403, "perf_atoms": {"directgap": 2.6434378703005247e-15, "indirectgap": -0.38503997252510014, "energy": -32.19743910090857, "force": "na", "stress": "na"}, "defect_atoms": {"lattice_mat": [[6.63384, 0.0, 0.0], [0.0, 6.63384, 0.0], [0.0, 0.0, 6.63384]], "coords": [[0.0, 0.0, 0.5], [0.25, 0.25, 0.75], [0.0, 0.5, 0.0], [0.5, 0.0, 0.0], [0.75, 0.25, 0.25], [0.5, 0.5, 0.5], [0.75, 0.75, 0.75]], "elements": ["Sn", "Sn", "Sn", "Sn", "Sn", "Sn", "Sn"], "abc": [6.63384, 6.63384, 6.63384], "angles": [90.0, 90.0, 90.0], "cartesian": false, "props": ["b", "b", "b", "b", "b", "b", "b"]}}