{"name": "JVASP-25104_Cl_Cl_f", "def_en": 1.27068388955595, "energy": -25.566452875807443, "perf_atoms": {"directgap": 2.033719870568141, "indirectgap": 1.9698575817434594, "energy": -28.62627927678633, "force": "na", "stress": "na"}, "defect_atoms": {"lattice_mat": [[8.18294, 0.0, 0.0], [0.0, 6.28593, 0.0], [0.0, 0.0, 8.08883]], "coords": [[0.3138928586005477, 0.5, 0.6078888970008086], [0.8138928586005477, 0.5, 0.6078888970008086], [0.18610714139945228, 0.5, 0.3921111029991914], [0.4361071413994523, 0.5, 0.10788889700080873], [0.9361071413994523, 0.5, 0.10788889700080873], [0.06389285860054772, 0.5, 0.8921111029991914], [0.5638928586005477, 0.5, 0.8921111029991914], [0.06389285860054772, 0.0, 0.6078888970008086], [0.5638928586005477, 0.0, 0.6078888970008086], [0.4361071413994523, 0.0, 0.3921111029991914], [0.9361071413994523, 0.0, 0.3921111029991914], [0.18610714139945228, 0.0, 0.10788889700080873], [0.6861071413994523, 0.0, 0.10788889700080873], [0.3138928586005477, 0.0, 0.8921111029991914], [0.8138928586005477, 0.0, 0.8921111029991914]], "elements": ["Cl", "Cl", "Cl", "Cl", "Cl", "Cl", "Cl", "Cl", "Cl", "Cl", "Cl", "Cl", "Cl", "Cl", "Cl"], "abc": [8.18294, 6.28593, 8.08883], "angles": [90.0, 90.0, 90.0], "cartesian": false, "props": ["f", "f", "f", "f", "f", "f", "f", "f", "f", "f", "f", "f", "f", "f", "f"]}}