{"name": "JVASP-95268_S_S_h", "def_en": 1.5701415061294988, "energy": -518.1562847377088, "perf_atoms": {"directgap": 1.9326497027527705, "indirectgap": 1.8289579581838442, "energy": -523.8187646506443, "force": "na", "stress": "na"}, "defect_atoms": {"lattice_mat": [[10.36251, 0.0, 0.0], [0.0, 12.74787, 0.0], [0.0, 0.0, 24.55811]], "coords": [[0.7688760003132729, 0.8295501994096479, 0.8245588637656688], [0.9099049034572169, 0.03526370616555119, 0.7550766911393848], [0.40990490345721686, 0.9647362938344488, 0.7449233088606152], [0.15990490345721686, 0.7147362938344488, 0.5050766911393847], [0.6599049034572169, 0.7852637061655512, 0.4949233088606152], [0.8400950965427831, 0.7147362938344488, 0.4949233088606152], [0.34009509654278314, 0.7852637061655512, 0.5050766911393847], [0.09114559340876927, 0.6597799659692751, 0.799107418189149], [0.09114559340876927, 0.8402200340307249, 0.700892581810851], [0.40885440659123073, 0.6597799659692751, 0.700892581810851], [0.40885440659123073, 0.8402200340307249, 0.799107418189149], [0.6588544065912307, 0.09022003403072487, 0.450892581810851], [0.6588544065912307, 0.9097799659692751, 0.5491074181891489], [0.34114559340876927, 0.09022003403072487, 0.5491074181891489], [0.34114559340876927, 0.9097799659692751, 0.450892581810851], [0.16985922601838715, 0.6096618292423547, 0.8721272983315932], [0.16985922601838715, 0.8903381707576453, 0.6278727016684068], [0.33014077398161285, 0.6096618292423547, 0.6278727016684068], [0.33014077398161285, 0.8903381707576453, 0.8721272983315932], [0.5801407739816129, 0.14033817075764532, 0.3778727016684068], [0.5801407739816129, 0.8596618292423547, 0.6221272983315931], [0.41985922601838715, 0.14033817075764532, 0.6221272983315931], [0.41985922601838715, 0.8596618292423547, 0.3778727016684068], [0.5188760003132729, 0.5795501994096479, 0.4254411362343312], [0.018876000313272856, 0.9204498005903521, 0.5745588637656689], [0.48112399968672714, 0.5795501994096479, 0.5745588637656689], [0.9811239996867271, 0.9204498005903521, 0.4254411362343312], [0.23112399968672714, 0.17044980059035209, 0.8245588637656688], [0.7311239996867271, 0.8295501994096479, 0.6754411362343312], [0.26887600031327286, 0.17044980059035209, 0.6754411362343312], [0.09009509654278314, 0.9647362938344488, 0.7550766911393848], [0.5900950965427831, 0.03526370616555119, 0.7449233088606152], [0.7688760003132729, 0.3295501994096479, 0.3245588637656689], [0.9099049034572169, 0.5352637061655512, 0.2550766911393847], [0.40990490345721686, 0.4647362938344488, 0.2449233088606153], [0.15990490345721686, 0.2147362938344488, 0.0050766911393846925], [0.6599049034572169, 0.2852637061655512, 0.9949233088606152], [0.8400950965427831, 0.2147362938344488, 0.9949233088606152], [0.34009509654278314, 0.2852637061655512, 0.0050766911393846925], [0.09114559340876927, 0.15977996596927513, 0.2991074181891489], [0.09114559340876927, 0.34022003403072487, 0.20089258181085112], [0.40885440659123073, 0.15977996596927513, 0.20089258181085112], [0.40885440659123073, 0.34022003403072487, 0.2991074181891489], [0.6588544065912307, 0.5902200340307249, 0.950892581810851], [0.6588544065912307, 0.40977996596927513, 0.04910741818914888], [0.34114559340876927, 0.5902200340307249, 0.04910741818914888], [0.34114559340876927, 0.40977996596927513, 0.950892581810851], [0.16985922601838715, 0.10966182924235479, 0.3721272983315931], [0.16985922601838715, 0.3903381707576452, 0.12787270166840692], [0.33014077398161285, 0.10966182924235479, 0.12787270166840692], [0.33014077398161285, 0.3903381707576452, 0.3721272983315931], [0.5801407739816129, 0.6403381707576453, 0.8778727016684068], [0.5801407739816129, 0.3596618292423548, 0.12212729833159308], [0.41985922601838715, 0.6403381707576453, 0.12212729833159308], [0.41985922601838715, 0.3596618292423548, 0.8778727016684068], [0.5188760003132729, 0.07955019940964791, 0.9254411362343312], [0.018876000313272856, 0.4204498005903521, 0.07455886376566889], [0.48112399968672714, 0.07955019940964791, 0.07455886376566889], [0.9811239996867271, 0.4204498005903521, 0.9254411362343312], [0.23112399968672714, 0.6704498005903521, 0.3245588637656689], [0.7311239996867271, 0.3295501994096479, 0.1754411362343311], [0.26887600031327286, 0.6704498005903521, 0.1754411362343311], [0.09009509654278314, 0.4647362938344488, 0.2550766911393847], [0.5900950965427831, 0.5352637061655512, 0.2449233088606153], [0.26887600031327286, 0.8295501994096479, 0.3245588637656689], [0.40990490345721686, 0.03526370616555119, 0.2550766911393847], [0.9099049034572169, 0.9647362938344488, 0.2449233088606153], [0.6599049034572169, 0.7147362938344488, 0.0050766911393846925], [0.15990490345721686, 0.7852637061655512, 0.9949233088606152], [0.34009509654278314, 0.7147362938344488, 0.9949233088606152], [0.8400950965427831, 0.7852637061655512, 0.0050766911393846925], [0.5911455934087693, 0.6597799659692751, 0.2991074181891489], [0.5911455934087693, 0.8402200340307249, 0.20089258181085112], [0.9088544065912307, 0.6597799659692751, 0.20089258181085112], [0.9088544065912307, 0.8402200340307249, 0.2991074181891489], [0.15885440659123073, 0.09022003403072487, 0.950892581810851], [0.15885440659123073, 0.9097799659692751, 0.04910741818914888], [0.8411455934087693, 0.09022003403072487, 0.04910741818914888], [0.8411455934087693, 0.9097799659692751, 0.950892581810851], [0.6698592260183871, 0.6096618292423547, 0.3721272983315931], [0.6698592260183871, 0.8903381707576453, 0.12787270166840692], [0.8301407739816129, 0.6096618292423547, 0.12787270166840692], [0.8301407739816129, 0.8903381707576453, 0.3721272983315931], [0.0801407739816129, 0.14033817075764532, 0.8778727016684068], [0.0801407739816129, 0.8596618292423547, 0.12212729833159308], [0.9198592260183871, 0.14033817075764532, 0.12212729833159308], [0.9198592260183871, 0.8596618292423547, 0.8778727016684068], [0.018876000313272856, 0.5795501994096479, 0.9254411362343312], [0.5188760003132729, 0.9204498005903521, 0.07455886376566889], [0.9811239996867271, 0.5795501994096479, 0.07455886376566889], [0.48112399968672714, 0.9204498005903521, 0.9254411362343312], [0.7311239996867271, 0.17044980059035209, 0.3245588637656689], [0.23112399968672714, 0.8295501994096479, 0.1754411362343311], [0.7688760003132729, 0.17044980059035209, 0.1754411362343311], [0.5900950965427831, 0.9647362938344488, 0.2550766911393847], [0.09009509654278314, 0.03526370616555119, 0.2449233088606153], [0.26887600031327286, 0.3295501994096479, 0.8245588637656688], [0.40990490345721686, 0.5352637061655512, 0.7550766911393848], [0.9099049034572169, 0.4647362938344488, 0.7449233088606152], [0.6599049034572169, 0.2147362938344488, 0.5050766911393847], [0.15990490345721686, 0.2852637061655512, 0.4949233088606152], [0.34009509654278314, 0.2147362938344488, 0.4949233088606152], [0.8400950965427831, 0.2852637061655512, 0.5050766911393847], [0.5911455934087693, 0.15977996596927513, 0.799107418189149], [0.5911455934087693, 0.34022003403072487, 0.700892581810851], [0.9088544065912307, 0.15977996596927513, 0.700892581810851], [0.9088544065912307, 0.34022003403072487, 0.799107418189149], [0.15885440659123073, 0.5902200340307249, 0.450892581810851], [0.8411455934087693, 0.5902200340307249, 0.5491074181891489], [0.8411455934087693, 0.40977996596927513, 0.450892581810851], [0.6698592260183871, 0.10966182924235479, 0.8721272983315932], [0.6698592260183871, 0.3903381707576452, 0.6278727016684068], [0.8301407739816129, 0.10966182924235479, 0.6278727016684068], [0.8301407739816129, 0.3903381707576452, 0.8721272983315932], [0.0801407739816129, 0.6403381707576453, 0.3778727016684068], [0.0801407739816129, 0.3596618292423548, 0.6221272983315931], [0.9198592260183871, 0.6403381707576453, 0.6221272983315931], [0.9198592260183871, 0.3596618292423548, 0.3778727016684068], [0.018876000313272856, 0.07955019940964791, 0.4254411362343312], [0.5188760003132729, 0.4204498005903521, 0.5745588637656689], [0.9811239996867271, 0.07955019940964791, 0.5745588637656689], [0.48112399968672714, 0.4204498005903521,