{"name": "JVASP-25142_Fe_Fe_c", "def_en": 2.44550492278203, "energy": -533.5292006202154, "perf_atoms": {"directgap": 2.3816431881722012e-08, "indirectgap": -0.04739144675865961, "energy": -544.4808694709608, "force": "na", "stress": "na"}, "defect_atoms": {"lattice_mat": [[4.917, -8.51648, 0.0], [4.917, 8.51648, 0.0], [0.0, 0.0, 7.766]], "coords": [[0.08333333333333333, 0.16666666666666666, 0.125], [0.08333333333333333, 0.16666666666666666, 0.625], [0.08333333333333333, 0.41666666666666663, 0.125], [0.08333333333333333, 0.41666666666666663, 0.625], [0.08333333333333333, 0.6666666666666666, 0.125], [0.08333333333333333, 0.6666666666666666, 0.625], [0.08333333333333333, 0.9166666666666666, 0.125], [0.08333333333333333, 0.9166666666666666, 0.625], [0.3333333333333333, 0.16666666666666666, 0.125], [0.3333333333333333, 0.16666666666666666, 0.625], [0.3333333333333333, 0.41666666666666663, 0.125], [0.3333333333333333, 0.41666666666666663, 0.625], [0.3333333333333333, 0.6666666666666666, 0.125], [0.3333333333333333, 0.6666666666666666, 0.625], [0.3333333333333333, 0.9166666666666666, 0.125], [0.3333333333333333, 0.9166666666666666, 0.625], [0.5833333333333334, 0.16666666666666666, 0.125], [0.5833333333333334, 0.16666666666666666, 0.625], [0.5833333333333334, 0.41666666666666663, 0.125], [0.5833333333333334, 0.41666666666666663, 0.625], [0.5833333333333334, 0.6666666666666666, 0.125], [0.5833333333333334, 0.6666666666666666, 0.625], [0.5833333333333334, 0.9166666666666666, 0.125], [0.5833333333333334, 0.9166666666666666, 0.625], [0.8333333333333334, 0.16666666666666666, 0.125], [0.8333333333333334, 0.16666666666666666, 0.625], [0.8333333333333334, 0.41666666666666663, 0.125], [0.8333333333333334, 0.41666666666666663, 0.625], [0.8333333333333334, 0.6666666666666666, 0.125], [0.8333333333333334, 0.6666666666666666, 0.625], [0.8333333333333334, 0.9166666666666666, 0.125], [0.8333333333333334, 0.9166666666666666, 0.625], [0.16666666666666669, 0.08333333333333334, 0.875], [0.16666666666666669, 0.33333333333333337, 0.375], [0.16666666666666669, 0.33333333333333337, 0.875], [0.16666666666666669, 0.5833333333333334, 0.375], [0.16666666666666669, 0.5833333333333334, 0.875], [0.16666666666666669, 0.8333333333333334, 0.375], [0.16666666666666669, 0.8333333333333334, 0.875], [0.4166666666666667, 0.08333333333333334, 0.375], [0.4166666666666667, 0.08333333333333334, 0.875], [0.4166666666666667, 0.33333333333333337, 0.375], [0.4166666666666667, 0.33333333333333337, 0.875], [0.4166666666666667, 0.5833333333333334, 0.375], [0.4166666666666667, 0.5833333333333334, 0.875], [0.4166666666666667, 0.8333333333333334, 0.375], [0.4166666666666667, 0.8333333333333334, 0.875], [0.6666666666666667, 0.08333333333333334, 0.375], [0.6666666666666667, 0.08333333333333334, 0.875], [0.6666666666666667, 0.33333333333333337, 0.375], [0.6666666666666667, 0.33333333333333337, 0.875], [0.6666666666666667, 0.5833333333333334, 0.375], [0.6666666666666667, 0.5833333333333334, 0.875], [0.6666666666666667, 0.8333333333333334, 0.375], [0.6666666666666667, 0.8333333333333334, 0.875], [0.9166666666666667, 0.08333333333333334, 0.375], [0.9166666666666667, 0.08333333333333334, 0.875], [0.9166666666666667, 0.33333333333333337, 0.375], [0.9166666666666667, 0.33333333333333337, 0.875], [0.9166666666666667, 0.5833333333333334, 0.375], [0.9166666666666667, 0.5833333333333334, 0.875], [0.9166666666666667, 0.8333333333333334, 0.375], [0.9166666666666667, 0.8333333333333334, 0.875]], "elements": ["Fe", "Fe", "Fe", "Fe", "Fe", "Fe", "Fe", "Fe", "Fe", "Fe", "Fe", "Fe", "Fe", "Fe", "Fe", "Fe", "Fe", "Fe", "Fe", "Fe", "Fe", "Fe", "Fe", "Fe", "Fe", "Fe", "Fe", "Fe", "Fe", "Fe", "Fe", "Fe", "Fe", "Fe", "Fe", "Fe", "Fe", "Fe", "Fe", "Fe", "Fe", "Fe", "Fe", "Fe", "Fe", "Fe", "Fe", "Fe", "Fe", "Fe", "Fe", "Fe", "Fe", "Fe", "Fe", "Fe", "Fe", "Fe", "Fe", "Fe", "Fe", "Fe", "Fe"], "abc": [9.833988, 9.833988, 7.766], "angles": [90.0, 90.0, 119.9999], "cartesian": false, "props": ["c", "c", "c", "c", "c", "c", "c", "c", "c", "c", "c", "c", "c", "c", "c", "c", "c", "c", "c", "c", "c", "c", "c", "c", "c", "c", "c", "c", "c", "c", "c", "c", "c", "c", "c", "c", "c", "c", "c", "c", "c", "c", "c", "c", "c", "c", "c", "c", "c", "c", "c", "c", "c", "c", "c", "c", "c", "c", "c", "c", "c", "c", "c"]}}