{"name": "JVASP-890_Ge_Ge_b", "def_en": 2.6276830465349725, "energy": -30.172972124907112, "perf_atoms": {"directgap": 4.153973796186538e-15, "indirectgap": -0.7520457775747147, "energy": -37.48659142896283, "force": "na", "stress": "na"}, "defect_atoms": {"lattice_mat": [[5.75825, 0.0, 0.0], [0.0, 5.75825, 0.0], [0.0, 0.0, 5.75825]], "coords": [[0.5, 0.5, 0.5], [0.75, 0.75, 0.75], [0.5, 0.0, 0.0], [0.75, 0.25, 0.25], [0.0, 0.5, 0.0], [0.25, 0.75, 0.25], [0.25, 0.25, 0.75]], "elements": ["Ge", "Ge", "Ge", "Ge", "Ge", "Ge", "Ge"], "abc": [5.75825, 5.75825, 5.75825], "angles": [90.0, 90.0, 90.0], "cartesian": false, "props": ["b", "b", "b", "b", "b", "b", "b"]}}