{"name": "JVASP-7804_Se_Se_b", "def_en": 1.5992596695740011, "energy": -38.365099537256405, "perf_atoms": {"directgap": 0.8068772468525333, "indirectgap": 0.781122524217942, "energy": -43.59748339814016, "force": "na", "stress": "na"}, "defect_atoms": {"lattice_mat": [[4.23646, -7.33776, 0.0], [4.23646, 7.33776, 0.0], [0.0, 0.0, 5.13158]], "coords": [[0.0, 0.11858397714072426, 0.16666666666666666], [0.0, 0.6185839771407242, 0.16666666666666666], [0.5, 0.11858397714072426, 0.16666666666666666], [0.5, 0.6185839771407242, 0.16666666666666666], [0.3814160228592757, 0.3814160228592757, 0.5], [0.3814160228592757, 0.8814160228592758, 0.5], [0.8814160228592758, 0.3814160228592757, 0.5], [0.8814160228592758, 0.8814160228592758, 0.5], [0.11858397714072426, 0.0, 0.8333333333333333], [0.6185839771407242, 0.0, 0.8333333333333333], [0.6185839771407242, 0.5, 0.8333333333333333]], "elements": ["Se", "Se", "Se", "Se", "Se", "Se", "Se", "Se", "Se", "Se", "Se"], "abc": [8.472917, 8.472917, 5.13158], "angles": [90.0, 90.0, 120.0], "cartesian": false, "props": ["b", "b", "b", "b", "b", "b", "b", "b", "b", "b", "b"]}}