{"name": "JVASP-33718_F_F_f", "def_en": 1.5704427632659057, "energy": -25.306394393555983, "perf_atoms": {"directgap": 2.597651846955031, "indirectgap": 2.596750384252919, "energy": -28.66862592702126, "force": "na", "stress": "na"}, "defect_atoms": {"lattice_mat": [[6.7435, 0.0, 0.0], [0.0, 5.11594, 0.0], [0.0, 0.0, 6.4227]], "coords": [[0.050617238119152724, 0.0, 0.09843184783274739], [0.19938276188084728, 0.0, 0.5984318478327474], [0.6993827618808472, 0.0, 0.5984318478327474], [0.30061723811915275, 0.0, 0.4015681521672526], [0.8006172381191528, 0.0, 0.4015681521672526], [0.44938276188084725, 0.0, 0.9015681521672526], [0.9493827618808472, 0.0, 0.9015681521672526], [0.30061723811915275, 0.5, 0.09843184783274739], [0.8006172381191528, 0.5, 0.09843184783274739], [0.44938276188084725, 0.5, 0.5984318478327474], [0.9493827618808472, 0.5, 0.5984318478327474], [0.05061723811915275, 0.5, 0.4015681521672526], [0.5506172381191528, 0.5, 0.4015681521672526], [0.19938276188084725, 0.5, 0.9015681521672526], [0.6993827618808472, 0.5, 0.9015681521672526]], "elements": ["F", "F", "F", "F", "F", "F", "F", "F", "F", "F", "F", "F", "F", "F", "F"], "abc": [6.7435, 5.11594, 6.4227], "angles": [90.0, 90.0, 90.0], "cartesian": false, "props": ["f", "f", "f", "f", "f", "f", "f", "f", "f", "f", "f", "f", "f", "f", "f"]}}