{"name": "JVASP-963_Pd_Pd_b", "def_en": 1.7189591803908177, "energy": -135.33571257802961, "perf_atoms": {"directgap": 2.3407575509737275e-06, "indirectgap": -0.1702042404281397, "energy": -141.47109047515926, "force": "na", "stress": "na"}, "defect_atoms": {"lattice_mat": [[7.87572, 0.0, 0.0], [0.0, 7.87572, 0.0], [0.0, 0.0, 7.87572]], "coords": [[0.25, 0.0, 0.0], [0.25, 0.0, 0.5], [0.25, 0.5, 0.0], [0.25, 0.5, 0.5], [0.75, 0.0, 0.0], [0.75, 0.0, 0.5], [0.75, 0.5, 0.5], [0.25, 0.25, 0.25], [0.25, 0.25, 0.75], [0.25, 0.75, 0.25], [0.25, 0.75, 0.75], [0.75, 0.25, 0.25], [0.75, 0.25, 0.75], [0.75, 0.75, 0.25], [0.75, 0.75, 0.75], [0.0, 0.0, 0.25], [0.0, 0.0, 0.75], [0.0, 0.5, 0.25], [0.0, 0.5, 0.75], [0.5, 0.0, 0.25], [0.5, 0.0, 0.75], [0.5, 0.5, 0.25], [0.5, 0.5, 0.75], [0.0, 0.25, 0.0], [0.0, 0.25, 0.5], [0.0, 0.75, 0.0], [0.0, 0.75, 0.5], [0.5, 0.25, 0.0], [0.5, 0.25, 0.5], [0.5, 0.75, 0.0], [0.5, 0.75, 0.5]], "elements": ["Pd", "Pd", "Pd", "Pd", "Pd", "Pd", "Pd", "Pd", "Pd", "Pd", "Pd", "Pd", "Pd", "Pd", "Pd", "Pd", "Pd", "Pd", "Pd", "Pd", "Pd", "Pd", "Pd", "Pd", "Pd", "Pd", "Pd", "Pd", "Pd", "Pd", "Pd"], "abc": [7.87572, 7.87572, 7.87572], "angles": [90.0, 90.0, 90.0], "cartesian": false, "props": ["b", "b", "b", "b", "b", "b", "b", "b", "b", "b", "b", "b", "b", "b", "b", "b", "b", "b", "b", "b", "b", "b", "b", "b", "b", "b", "b", "b", "b", "b", "b"]}}