{"name": "JVASP-14606_Ag_Ag_a", "def_en": 1.2687709263197986, "energy": -97.68905448000937, "perf_atoms": {"directgap": 0.0, "indirectgap": -0.5182065745846101, "energy": -102.14069584094871, "force": "na", "stress": "na"}, "defect_atoms": {"lattice_mat": [[8.24802, 0.0, 0.0], [0.0, 8.24802, 0.0], [0.0, 0.0, 8.24802]], "coords": [[0.0, 0.0, 0.0], [0.0, 0.0, 0.5], [0.0, 0.5, 0.0], [0.0, 0.5, 0.5], [0.5, 0.0, 0.0], [0.5, 0.0, 0.5], [0.5, 0.5, 0.0], [0.5, 0.5, 0.5], [0.0, 0.25, 0.25], [0.0, 0.75, 0.25], [0.0, 0.75, 0.75], [0.5, 0.25, 0.25], [0.5, 0.25, 0.75], [0.5, 0.75, 0.25], [0.5, 0.75, 0.75], [0.25, 0.0, 0.25], [0.25, 0.0, 0.75], [0.25, 0.5, 0.25], [0.25, 0.5, 0.75], [0.75, 0.0, 0.25], [0.75, 0.0, 0.75], [0.75, 0.5, 0.25], [0.75, 0.5, 0.75], [0.25, 0.25, 0.0], [0.25, 0.25, 0.5], [0.25, 0.75, 0.0], [0.25, 0.75, 0.5], [0.75, 0.25, 0.0], [0.75, 0.25, 0.5], [0.75, 0.75, 0.0], [0.75, 0.75, 0.5]], "elements": ["Ag", "Ag", "Ag", "Ag", "Ag", "Ag", "Ag", "Ag", "Ag", "Ag", "Ag", "Ag", "Ag", "Ag", "Ag", "Ag", "Ag", "Ag", "Ag", "Ag", "Ag", "Ag", "Ag", "Ag", "Ag", "Ag", "Ag", "Ag", "Ag", "Ag", "Ag"], "abc": [8.24802, 8.24802, 8.24802], "angles": [90.0, 90.0, 90.0], "cartesian": false, "props": ["a", "a", "a", "a", "a", "a", "a", "a", "a", "a", "a", "a", "a", "a", "a", "a", "a", "a", "a", "a", "a", "a", "a", "a", "a", "a", "a", "a", "a", "a", "a"]}}