{"name": "JVASP-25388_Rb_Rb_c", "def_en": 0.3400053454634955, "energy": -6.131874557990116, "perf_atoms": {"directgap": 3.776339814715035e-16, "indirectgap": -0.32188747323335526, "energy": -7.3964342924895226, "force": "na", "stress": "na"}, "defect_atoms": {"lattice_mat": [[4.9538, -8.58026, 0.0], [4.9538, 8.58026, 0.0], [0.0, 0.0, 8.06634]], "coords": [[0.16666666666666666, 0.3333333333333333, 0.25], [0.16666666666666666, 0.8333333333333333, 0.25], [0.6666666666666666, 0.3333333333333333, 0.25], [0.6666666666666666, 0.8333333333333333, 0.25], [0.33333333333333337, 0.16666666666666669, 0.75], [0.33333333333333337, 0.6666666666666667, 0.75], [0.8333333333333334, 0.16666666666666669, 0.75]], "elements": ["Rb", "Rb", "Rb", "Rb", "Rb", "Rb", "Rb"], "abc": [9.907623, 9.907623, 8.06634], "angles": [90.0, 90.0, 120.0002], "cartesian": false, "props": ["c", "c", "c", "c", "c", "c", "c"]}}