{"name": "JVASP-25273_Hg_Hg_a", "def_en": 2.0348860413368373, "energy": -11.931975799369068, "perf_atoms": {"directgap": 2.076986898093269e-15, "indirectgap": -0.9044366549516971, "energy": -14.57276766017256, "force": "na", "stress": "na"}, "defect_atoms": {"lattice_mat": [[0.0, 9.02528, 0.0], [8.72882, 0.0, 0.0], [0.0, -0.78609, -8.450610000000001]], "coords": [[0.0, 0.0, 0.0], [0.0, 0.0, 0.3333333333333333], [0.0, 0.0, 0.6666666666666666], [0.0, 0.5, 0.3333333333333333], [0.0, 0.5, 0.6666666666666666], [0.5, 0.0, 0.0], [0.5, 0.0, 0.3333333333333333], [0.5, 0.0, 0.6666666666666666], [0.5, 0.5, 0.0], [0.5, 0.5, 0.3333333333333333], [0.5, 0.5, 0.6666666666666666], [-0.25, -0.25, 0.0], [-0.25, -0.25, 0.3333333333333333], [-0.25, -0.25, 0.6666666666666666], [-0.25, 0.25, 0.0], [-0.25, 0.25, 0.3333333333333333], [-0.25, 0.25, 0.6666666666666666], [0.25, -0.25, 0.0], [0.25, -0.25, 0.3333333333333333], [0.25, -0.25, 0.6666666666666666], [0.25, 0.25, 0.0], [0.25, 0.25, 0.3333333333333333], [0.25, 0.25, 0.6666666666666666]], "elements": ["Hg", "Hg", "Hg", "Hg", "Hg", "Hg", "Hg", "Hg", "Hg", "Hg", "Hg", "Hg", "Hg", "Hg", "Hg", "Hg", "Hg", "Hg", "Hg", "Hg", "Hg", "Hg", "Hg"], "abc": [9.02528, 8.72882, 8.487093], "angles": [90.0, 95.3145, 90.0], "cartesian": false, "props": ["a", "a", "a", "a", "a", "a", "a", "a", "a", "a", "a", "a", "a", "a", "a", "a", "a", "a", "a", "a", "a", "a", "a"]}}