{"name": "JVASP-802_Hf_Hf_d", "def_en": 2.2889737076307615, "energy": -126.35840336465972, "perf_atoms": {"directgap": 0.0, "indirectgap": -0.17062300341806177, "energy": -136.21486925030266, "force": "na", "stress": "na"}, "defect_atoms": {"lattice_mat": [[4.7701199999999995, -8.26209, 0.0], [4.7701199999999995, 8.26209, 0.0], [0.0, 0.0, 5.0334]], "coords": [[0.2222222222222222, 0.1111111111111111, 0.25], [0.2222222222222222, 0.4444444444444444, 0.25], [0.2222222222222222, 0.7777777777777778, 0.25], [0.5555555555555555, 0.1111111111111111, 0.25], [0.5555555555555555, 0.4444444444444444, 0.25], [0.5555555555555555, 0.7777777777777778, 0.25], [0.8888888888888888, 0.1111111111111111, 0.25], [0.8888888888888888, 0.4444444444444444, 0.25], [0.8888888888888888, 0.7777777777777778, 0.25], [0.11111111111111112, 0.5555555555555556, 0.75], [0.11111111111111112, 0.888888888888889, 0.75], [0.4444444444444445, 0.22222222222222224, 0.75], [0.4444444444444445, 0.5555555555555556, 0.75], [0.4444444444444445, 0.888888888888889, 0.75], [0.7777777777777778, 0.22222222222222224, 0.75], [0.7777777777777778, 0.5555555555555556, 0.75], [0.7777777777777778, 0.888888888888889, 0.75]], "elements": ["Hf", "Hf", "Hf", "Hf", "Hf", "Hf", "Hf", "Hf", "Hf", "Hf", "Hf", "Hf", "Hf", "Hf", "Hf", "Hf", "Hf"], "abc": [9.54024, 9.54024, 5.0334], "angles": [90.0, 90.0, 120.0], "cartesian": false, "props": ["d", "d", "d", "d", "d", "d", "d", "d", "d", "d", "d", "d", "d", "d", "d", "d", "d"]}}