{"name": "JVASP-961_Pb_Pb_b", "def_en": 0.44620310597089663, "energy": -10.722756833021375, "perf_atoms": {"directgap": 0.0, "indirectgap": -0.1904857534382672, "energy": -14.917425375384123, "force": "na", "stress": "na"}, "defect_atoms": {"lattice_mat": [[5.01309, 0.0, 0.0], [0.0, 5.01309, 0.0], [0.0, 0.0, 5.01309]], "coords": [[0.0, 0.0, 0.5], [0.5, 0.5, 0.5], [0.5, 0.0, 0.0]], "elements": ["Pb", "Pb", "Pb"], "abc": [5.01309, 5.01309, 5.01309], "angles": [90.0, 90.0, 90.0], "cartesian": false, "props": ["b", "b", "b"]}}