{"name": "JVASP-1020_Tc_Tc_d", "def_en": 3.320348083774711, "energy": -374.5841520452066, "perf_atoms": {"directgap": 3.776339814715035e-16, "indirectgap": -0.20919063910530603, "energy": -388.7017711445357, "force": "na", "stress": "na"}, "defect_atoms": {"lattice_mat": [[4.13508, -7.1622, 0.0], [4.13508, 7.1622, 0.0], [0.0, 0.0, 8.79906]], "coords": [[0.2222222222222222, 0.1111111111111111, 0.125], [0.2222222222222222, 0.1111111111111111, 0.625], [0.2222222222222222, 0.4444444444444444, 0.125], [0.2222222222222222, 0.4444444444444444, 0.625], [0.2222222222222222, 0.7777777777777778, 0.125], [0.2222222222222222, 0.7777777777777778, 0.625], [0.5555555555555555, 0.1111111111111111, 0.125], [0.5555555555555555, 0.1111111111111111, 0.625], [0.5555555555555555, 0.4444444444444444, 0.125], [0.5555555555555555, 0.4444444444444444, 0.625], [0.5555555555555555, 0.7777777777777778, 0.125], [0.5555555555555555, 0.7777777777777778, 0.625], [0.8888888888888888, 0.1111111111111111, 0.125], [0.8888888888888888, 0.1111111111111111, 0.625], [0.8888888888888888, 0.4444444444444444, 0.125], [0.8888888888888888, 0.4444444444444444, 0.625], [0.8888888888888888, 0.7777777777777778, 0.125], [0.8888888888888888, 0.7777777777777778, 0.625], [0.11111111111111112, 0.22222222222222224, 0.375], [0.11111111111111112, 0.22222222222222224, 0.875], [0.11111111111111112, 0.5555555555555556, 0.375], [0.11111111111111112, 0.5555555555555556, 0.875], [0.11111111111111112, 0.888888888888889, 0.375], [0.11111111111111112, 0.888888888888889, 0.875], [0.4444444444444445, 0.22222222222222224, 0.375], [0.4444444444444445, 0.22222222222222224, 0.875], [0.4444444444444445, 0.5555555555555556, 0.375], [0.4444444444444445, 0.888888888888889, 0.375], [0.4444444444444445, 0.888888888888889, 0.875], [0.7777777777777778, 0.22222222222222224, 0.375], [0.7777777777777778, 0.22222222222222224, 0.875], [0.7777777777777778, 0.5555555555555556, 0.375], [0.7777777777777778, 0.5555555555555556, 0.875], [0.7777777777777778, 0.888888888888889, 0.375], [0.7777777777777778, 0.888888888888889, 0.875]], "elements": ["Tc", "Tc", "Tc", "Tc", "Tc", "Tc", "Tc", "Tc", "Tc", "Tc", "Tc", "Tc", "Tc", "Tc", "Tc", "Tc", "Tc", "Tc", "Tc", "Tc", "Tc", "Tc", "Tc", "Tc", "Tc", "Tc", "Tc", "Tc", "Tc", "Tc", "Tc", "Tc", "Tc", "Tc", "Tc"], "abc": [8.270187, 8.270187, 8.79906], "angles": [90.0, 90.0, 120.0002], "cartesian": false, "props": ["d", "d", "d", "d", "d", "d", "d", "d", "d", "d", "d", "d", "d", "d", "d", "d", "d", "d", "d", "d", "d", "d", "d", "d", "d", "d", "d", "d", "d", "d", "d", "d", "d", "d", "d"]}}