{"name": "JVASP-14604_Ba_Ba_a", "def_en": 1.1211966135694946, "energy": -30.504222096966885, "perf_atoms": {"directgap": 0.0, "indirectgap": -0.22848248422852943, "energy": -33.73833504484359, "force": "na", "stress": "na"}, "defect_atoms": {"lattice_mat": [[9.83144, 0.0, 0.0], [0.0, 9.83144, 0.0], [0.0, 0.0, 9.83144]], "coords": [[0.0, 0.0, 0.0], [0.0, 0.0, 0.5], [0.0, 0.5, 0.0], [0.0, 0.5, 0.5], [0.5, 0.0, 0.0], [0.5, 0.0, 0.5], [0.5, 0.5, 0.0], [0.25, 0.25, 0.25], [0.25, 0.25, 0.75], [0.25, 0.75, 0.25], [0.25, 0.75, 0.75], [0.75, 0.25, 0.25], [0.75, 0.25, 0.75], [0.75, 0.75, 0.25], [0.75, 0.75, 0.75]], "elements": ["Ba", "Ba", "Ba", "Ba", "Ba", "Ba", "Ba", "Ba", "Ba", "Ba", "Ba", "Ba", "Ba", "Ba", "Ba"], "abc": [9.83144, 9.83144, 9.83144], "angles": [90.0, 90.0, 90.0], "cartesian": false, "props": ["a", "a", "a", "a", "a", "a", "a", "a", "a", "a", "a", "a", "a", "a", "a"]}}