{"name": "JVASP-867_Cu_Cu_a", "def_en": 1.6289979251456739, "energy": -129.40472216950516, "perf_atoms": {"directgap": 3.776339814715035e-16, "indirectgap": -0.38087502768875847, "energy": -135.26028984893236, "force": "na", "stress": "na"}, "defect_atoms": {"lattice_mat": [[7.25242, 0.0, 0.0], [0.0, 7.25242, 0.0], [0.0, 0.0, 7.25242]], "coords": [[0.0, 0.0, 0.0], [0.0, 0.0, 0.5], [0.0, 0.5, 0.0], [0.0, 0.5, 0.5], [0.5, 0.0, 0.0], [0.5, 0.0, 0.5], [0.5, 0.5, 0.0], [0.5, 0.5, 0.5], [0.0, 0.25, 0.25], [0.0, 0.75, 0.25], [0.0, 0.75, 0.75], [0.5, 0.25, 0.25], [0.5, 0.25, 0.75], [0.5, 0.75, 0.25], [0.5, 0.75, 0.75], [0.25, 0.0, 0.25], [0.25, 0.0, 0.75], [0.25, 0.5, 0.25], [0.25, 0.5, 0.75], [0.75, 0.0, 0.25], [0.75, 0.0, 0.75], [0.75, 0.5, 0.25], [0.75, 0.5, 0.75], [0.25, 0.25, 0.0], [0.25, 0.25, 0.5], [0.25, 0.75, 0.0], [0.25, 0.75, 0.5], [0.75, 0.25, 0.0], [0.75, 0.25, 0.5], [0.75, 0.75, 0.0], [0.75, 0.75, 0.5]], "elements": ["Cu", "Cu", "Cu", "Cu", "Cu", "Cu", "Cu", "Cu", "Cu", "Cu", "Cu", "Cu", "Cu", "Cu", "Cu", "Cu", "Cu", "Cu", "Cu", "Cu", "Cu", "Cu", "Cu", "Cu", "Cu", "Cu", "Cu", "Cu", "Cu", "Cu", "Cu"], "abc": [7.25242, 7.25242, 7.25242], "angles": [90.0, 90.0, 90.0], "cartesian": false, "props": ["a", "a", "a", "a", "a", "a", "a", "a", "a", "a", "a", "a", "a", "a", "a", "a", "a", "a", "a", "a", "a", "a", "a", "a", "a", "a", "a", "a", "a", "a", "a"]}}