{"name": "JVASP-861_Cr_Cr_a", "def_en": 1.9768818380645694, "energy": -501.32080759665536, "perf_atoms": {"directgap": 1.1132649773779923e-12, "indirectgap": -0.45472641303741695, "energy": -512.7897627906513, "force": "na", "stress": "na"}, "defect_atoms": {"lattice_mat": [[8.520900000000001, 0.0, 0.0], [0.0, 8.520900000000001, 0.0], [0.0, 0.0, 8.520900000000001]], "coords": [[0.16666666666666666, 0.16666666666666666, 0.16666666666666666], [0.16666666666666666, 0.16666666666666666, 0.5], [0.16666666666666666, 0.16666666666666666, 0.8333333333333334], [0.16666666666666666, 0.5, 0.16666666666666666], [0.16666666666666666, 0.5, 0.5], [0.16666666666666666, 0.5, 0.8333333333333334], [0.16666666666666666, 0.8333333333333334, 0.16666666666666666], [0.16666666666666666, 0.8333333333333334, 0.5], [0.16666666666666666, 0.8333333333333334, 0.8333333333333334], [0.5, 0.16666666666666666, 0.16666666666666666], [0.5, 0.16666666666666666, 0.5], [0.5, 0.16666666666666666, 0.8333333333333334], [0.5, 0.5, 0.16666666666666666], [0.5, 0.5, 0.8333333333333334], [0.5, 0.8333333333333334, 0.16666666666666666], [0.5, 0.8333333333333334, 0.5], [0.5, 0.8333333333333334, 0.8333333333333334], [0.8333333333333334, 0.16666666666666666, 0.16666666666666666], [0.8333333333333334, 0.16666666666666666, 0.5], [0.8333333333333334, 0.16666666666666666, 0.8333333333333334], [0.8333333333333334, 0.5, 0.16666666666666666], [0.8333333333333334, 0.5, 0.5], [0.8333333333333334, 0.5, 0.8333333333333334], [0.8333333333333334, 0.8333333333333334, 0.16666666666666666], [0.8333333333333334, 0.8333333333333334, 0.5], [0.8333333333333334, 0.8333333333333334, 0.8333333333333334], [0.0, 0.0, 0.0], [0.0, 0.0, 0.3333333333333333], [0.0, 0.0, 0.6666666666666666], [0.0, 0.3333333333333333, 0.0], [0.0, 0.3333333333333333, 0.3333333333333333], [0.0, 0.3333333333333333, 0.6666666666666666], [0.0, 0.6666666666666666, 0.0], [0.0, 0.6666666666666666, 0.3333333333333333], [0.0, 0.6666666666666666, 0.6666666666666666], [0.3333333333333333, 0.0, 0.0], [0.3333333333333333, 0.0, 0.3333333333333333], [0.3333333333333333, 0.0, 0.6666666666666666], [0.3333333333333333, 0.3333333333333333, 0.0], [0.3333333333333333, 0.3333333333333333, 0.3333333333333333], [0.3333333333333333, 0.3333333333333333, 0.6666666666666666], [0.3333333333333333, 0.6666666666666666, 0.0], [0.3333333333333333, 0.6666666666666666, 0.3333333333333333], [0.3333333333333333, 0.6666666666666666, 0.6666666666666666], [0.6666666666666666, 0.0, 0.0], [0.6666666666666666, 0.0, 0.3333333333333333], [0.6666666666666666, 0.0, 0.6666666666666666], [0.6666666666666666, 0.3333333333333333, 0.0], [0.6666666666666666, 0.3333333333333333, 0.3333333333333333], [0.6666666666666666, 0.3333333333333333, 0.6666666666666666], [0.6666666666666666, 0.6666666666666666, 0.0], [0.6666666666666666, 0.6666666666666666, 0.3333333333333333], [0.6666666666666666, 0.6666666666666666, 0.6666666666666666]], "elements": ["Cr", "Cr", "Cr", "Cr", "Cr", "Cr", "Cr", "Cr", "Cr", "Cr", "Cr", "Cr", "Cr", "Cr", "Cr", "Cr", "Cr", "Cr", "Cr", "Cr", "Cr", "Cr", "Cr", "Cr", "Cr", "Cr", "Cr", "Cr", "Cr", "Cr", "Cr", "Cr", "Cr", "Cr", "Cr", "Cr", "Cr", "Cr", "Cr", "Cr", "Cr", "Cr", "Cr", "Cr", "Cr", "Cr", "Cr", "Cr", "Cr", "Cr", "Cr", "Cr", "Cr"], "abc": [8.5209, 8.5209, 8.5209], "angles": [90.0, 90.0, 90.0], "cartesian": false, "props": ["a", "a", "a", "a", "a", "a", "a", "a", "a", "a", "a", "a", "a", "a", "a", "a", "a", "a", "a", "a", "a", "a", "a", "a", "a", "a", "a", "a", "a", "a", "a", "a", "a", "a", "a", "a", "a", "a", "a", "a", "a", "a", "a", "a", "a", "a", "a", "a", "a", "a", "a", "a", "a"]}}