{"name": "JVASP-14603_As_As_c", "def_en": 2.1783046362543486, "energy": -109.72772652117257, "perf_atoms": {"directgap": 0.24342715399693737, "indirectgap": -0.16192104335089164, "energy": -116.76607398753202, "force": "na", "stress": "na"}, "defect_atoms": {"lattice_mat": [[3.816, -6.6095, 0.0], [3.816, 6.6095, 0.0], [0.0, 0.0, 10.93842]], "coords": [[0.16666666666666666, 0.3333333333333333, 0.8927352130341217], [0.16666666666666666, 0.8333333333333333, 0.8927352130341217], [0.6666666666666666, 0.3333333333333333, 0.8927352130341217], [0.6666666666666666, 0.8333333333333333, 0.8927352130341217], [0.0, 0.0, 0.7739314536325449], [0.0, 0.5, 0.7739314536325449], [0.5, 0.0, 0.7739314536325449], [0.5, 0.5, 0.7739314536325449], [0.0, 0.5, 0.226068546367455], [0.5, 0.0, 0.226068546367455], [0.5, 0.5, 0.226068546367455], [0.3333333333333333, 0.16666666666666666, 0.10726478696587827], [0.3333333333333333, 0.6666666666666666, 0.10726478696587827], [0.8333333333333333, 0.16666666666666666, 0.10726478696587827], [0.8333333333333333, 0.6666666666666666, 0.10726478696587827], [0.3333333333333333, 0.16666666666666663, 0.5594018797007885], [0.3333333333333333, 0.6666666666666666, 0.5594018797007885], [0.8333333333333333, 0.16666666666666663, 0.5594018797007885], [0.8333333333333333, 0.6666666666666666, 0.5594018797007885], [0.16666666666666666, 0.3333333333333333, 0.4405981202992115], [0.16666666666666666, 0.8333333333333333, 0.4405981202992115], [0.6666666666666666, 0.3333333333333333, 0.4405981202992115], [0.6666666666666666, 0.8333333333333333, 0.4405981202992115]], "elements": ["As", "As", "As", "As", "As", "As", "As", "As", "As", "As", "As", "As", "As", "As", "As", "As", "As", "As", "As", "As", "As", "As", "As"], "abc": [7.631995, 7.631995, 10.93842], "angles": [90.0, 90.0, 120.0], "cartesian": false, "props": ["c", "c", "c", "c", "c", "c", "c", "c", "c", "c", "c", "c", "c", "c", "c", "c", "c", "c", "c", "c", "c", "c", "c"]}}