{"name": "JVASP-25337_Tl_Tl_c", "def_en": 0.6465414957104092, "energy": -16.53296919556609, "perf_atoms": {"directgap": 7.55267962943007e-16, "indirectgap": -1.9802731207984292, "energy": -19.633604052628538, "force": "na", "stress": "na"}, "defect_atoms": {"lattice_mat": [[3.5584, -6.16332, 0.0], [3.5584, 6.16332, 0.0], [0.0, 0.0, 5.57642]], "coords": [[0.16666666666666666, 0.3333333333333333, 0.25], [0.16666666666666666, 0.8333333333333333, 0.25], [0.6666666666666666, 0.3333333333333333, 0.25], [0.6666666666666666, 0.8333333333333333, 0.25], [0.33333333333333337, 0.16666666666666669, 0.75], [0.8333333333333334, 0.16666666666666669, 0.75], [0.8333333333333334, 0.6666666666666667, 0.75]], "elements": ["Tl", "Tl", "Tl", "Tl", "Tl", "Tl", "Tl"], "abc": [7.116792, 7.116792, 5.57642], "angles": [90.0, 90.0, 119.9999], "cartesian": false, "props": ["c", "c", "c", "c", "c", "c", "c"]}}