{"name": "JVASP-840_Br_Br_f", "def_en": 1.1524712996699082, "energy": -23.613284216881635, "perf_atoms": {"directgap": 1.3363968484985176, "indirectgap": 1.2380571771846667, "energy": -26.41680632926342, "force": "na", "stress": "na"}, "defect_atoms": {"lattice_mat": [[8.39714, 0.0, 0.0], [0.0, 6.81987, 0.0], [0.0, 0.0, 8.63002]], "coords": [[0.07559495091878532, 0.0, 0.1183221191669146], [0.5755949509187853, 0.0, 0.1183221191669146], [0.17440504908121468, 0.0, 0.6183221191669146], [0.6744050490812147, 0.0, 0.6183221191669146], [0.8255949509187853, 0.0, 0.3816778808330854], [0.4244050490812147, 0.0, 0.8816778808330854], [0.9244050490812147, 0.0, 0.8816778808330854], [0.3255949509187853, 0.5, 0.1183221191669146], [0.8255949509187853, 0.5, 0.1183221191669146], [0.4244050490812147, 0.5, 0.6183221191669146], [0.9244050490812147, 0.5, 0.6183221191669146], [0.07559495091878532, 0.5, 0.3816778808330854], [0.5755949509187853, 0.5, 0.3816778808330854], [0.17440504908121468, 0.5, 0.8816778808330854], [0.6744050490812147, 0.5, 0.8816778808330854]], "elements": ["Br", "Br", "Br", "Br", "Br", "Br", "Br", "Br", "Br", "Br", "Br", "Br", "Br", "Br", "Br"], "abc": [8.39714, 6.81987, 8.63002], "angles": [90.0, 90.0, 90.0], "cartesian": false, "props": ["f", "f", "f", "f", "f", "f", "f", "f", "f", "f", "f", "f", "f", "f", "f"]}}