{"name": "JVASP-25117_Li_Li_c", "def_en": 0.7870235209147696, "energy": -152.64980426672017, "perf_atoms": {"directgap": 0.0, "indirectgap": 0.0, "energy": -155.35473930268583, "force": "na", "stress": "na"}, "defect_atoms": {"lattice_mat": [[4.55067, -7.88199, 0.0], [4.55067, 7.88199, 0.0], [0.0, 0.0, 22.31126]], "coords": [[0.2222222222222222, 0.1111111111111111, 0.111114885817313], [0.2222222222222222, 0.4444444444444444, 0.111114885817313], [0.2222222222222222, 0.7777777777777778, 0.111114885817313], [0.5555555555555555, 0.1111111111111111, 0.111114885817313], [0.5555555555555555, 0.4444444444444444, 0.111114885817313], [0.5555555555555555, 0.7777777777777778, 0.111114885817313], [0.8888888888888888, 0.1111111111111111, 0.111114885817313], [0.8888888888888888, 0.4444444444444444, 0.111114885817313], [0.8888888888888888, 0.7777777777777778, 0.111114885817313], [0.0, 0.0, 0.22221844751602032], [0.0, 0.3333333333333333, 0.22221844751602032], [0.0, 0.6666666666666666, 0.22221844751602032], [0.3333333333333333, 0.0, 0.22221844751602032], [0.3333333333333333, 0.3333333333333333, 0.22221844751602032], [0.3333333333333333, 0.6666666666666666, 0.22221844751602032], [0.6666666666666666, 0.0, 0.22221844751602032], [0.6666666666666666, 0.3333333333333333, 0.22221844751602032], [0.6666666666666666, 0.6666666666666666, 0.22221844751602032], [0.0, 0.0, 0.0], [0.0, 0.3333333333333333, 0.0], [0.0, 0.6666666666666666, 0.0], [0.3333333333333333, 0.0, 0.0], [0.3333333333333333, 0.3333333333333333, 0.0], [0.3333333333333333, 0.6666666666666666, 0.0], [0.6666666666666666, 0.0, 0.0], [0.6666666666666666, 0.3333333333333333, 0.0], [0.6666666666666666, 0.6666666666666666, 0.0], [0.11111111111111109, 0.2222222222222222, 0.4444482191506463], [0.11111111111111109, 0.5555555555555555, 0.4444482191506463], [0.11111111111111109, 0.8888888888888888, 0.4444482191506463], [0.4444444444444444, 0.2222222222222222, 0.4444482191506463], [0.4444444444444444, 0.5555555555555555, 0.4444482191506463], [0.4444444444444444, 0.8888888888888888, 0.4444482191506463], [0.7777777777777777, 0.2222222222222222, 0.4444482191506463], [0.7777777777777777, 0.5555555555555555, 0.4444482191506463], [0.7777777777777777, 0.8888888888888888, 0.4444482191506463], [0.2222222222222222, 0.1111111111111111, 0.5555517808493536], [0.2222222222222222, 0.4444444444444444, 0.5555517808493536], [0.2222222222222222, 0.7777777777777778, 0.5555517808493536], [0.5555555555555555, 0.4444444444444444, 0.5555517808493536], [0.5555555555555555, 0.7777777777777778, 0.5555517808493536], [0.8888888888888888, 0.1111111111111111, 0.5555517808493536], [0.8888888888888888, 0.4444444444444444, 0.5555517808493536], [0.8888888888888888, 0.7777777777777778, 0.5555517808493536], [0.2222222222222222, 0.1111111111111111, 0.3333333333333333], [0.2222222222222222, 0.4444444444444444, 0.3333333333333333], [0.2222222222222222, 0.7777777777777778, 0.3333333333333333], [0.5555555555555555, 0.1111111111111111, 0.3333333333333333], [0.5555555555555555, 0.4444444444444444, 0.3333333333333333], [0.5555555555555555, 0.7777777777777778, 0.3333333333333333], [0.8888888888888888, 0.1111111111111111, 0.3333333333333333], [0.8888888888888888, 0.4444444444444444, 0.3333333333333333], [0.8888888888888888, 0.7777777777777778, 0.3333333333333333], [0.0, 0.0, 0.7777815524839796], [0.0, 0.3333333333333333, 0.7777815524839796], [0.0, 0.6666666666666666, 0.7777815524839796], [0.3333333333333333, 0.0, 0.7777815524839796], [0.3333333333333333, 0.3333333333333333, 0.7777815524839796], [0.3333333333333333, 0.6666666666666666, 0.7777815524839796], [0.6666666666666666, 0.0, 0.7777815524839796], [0.6666666666666666, 0.3333333333333333, 0.7777815524839796], [0.6666666666666666, 0.6666666666666666, 0.7777815524839796], [0.1111111111111111, 0.2222222222222222, 0.888885114182687], [0.1111111111111111, 0.5555555555555555, 0.888885114182687], [0.1111111111111111, 0.8888888888888888, 0.888885114182687], [0.4444444444444444, 0.2222222222222222, 0.888885114182687], [0.4444444444444444, 0.5555555555555555, 0.888885114182687], [0.4444444444444444, 0.8888888888888888, 0.888885114182687], [0.7777777777777778, 0.2222222222222222, 0.888885114182687], [0.7777777777777778, 0.5555555555555555, 0.888885114182687], [0.7777777777777778, 0.8888888888888888, 0.888885114182687], [0.1111111111111111, 0.2222222222222222, 0.6666666666666666], [0.1111111111111111, 0.5555555555555555, 0.6666666666666666], [0.1111111111111111, 0.8888888888888888, 0.6666666666666666], [0.4444444444444444, 0.2222222222222222, 0.6666666666666666], [0.4444444444444444, 0.5555555555555555, 0.6666666666666666], [0.4444444444444444, 0.8888888888888888, 0.6666666666666666], [0.7777777777777778, 0.2222222222222222, 0.6666666666666666], [0.7777777777777778, 0.5555555555555555, 0.6666666666666666], [0.7777777777777778, 0.8888888888888888, 0.6666666666666666]], "elements": ["Li", "Li", "Li", "Li", "Li", "Li", "Li", "Li", "Li", "Li", "Li", "Li", "Li", "Li", "Li", "Li", "Li", "Li", "Li", "Li", "Li", "Li", "Li", "Li", "Li", "Li", "Li", "Li", "Li", "Li", "Li", "Li", "Li", "Li", "Li", "Li", "Li", "Li", "Li", "Li", "Li", "Li", "Li", "Li", "Li", "Li", "Li", "Li", "Li", "Li", "Li", "Li", "Li", "Li", "Li", "Li", "Li", "Li", "Li", "Li", "Li", "Li", "Li", "Li", "Li", "Li", "Li", "Li", "Li", "Li", "Li", "Li", "Li", "Li", "Li", "Li", "Li", "Li", "Li", "Li"], "abc": [9.101339, 9.101339, 22.31126], "angles": [90.0, 90.0, 120.0], "cartesian": false, "props": ["c", "c", "c", "c", "c", "c", "c", "c", "c", "c", "c", "c", "c", "c", "c", "c", "c", "c", "a", "a", "a", "a", "a", "a", "a", "a", "a", "c", "c", "c", "c", "c", "c", "c", "c", "c", "c", "c", "c", "c", "c", "c", "c", "c", "a", "a", "a", "a", "a", "a", "a", "a", "a", "c", "c", "c", "c", "c", "c", "c", "c", "c", "c", "c", "c", "c", "c", "c", "c", "c", "c", "a", "a", "a", "a", "a", "a", "a", "a", "a"]}}