{"name": "JVASP-1014_Ta_Ta_a", "def_en": 3.4817185502607764, "energy": -534.6785441796923, "perf_atoms": {"directgap": 0.0, "indirectgap": -0.14118281259378718, "energy": -548.3125745469475, "force": "na", "stress": "na"}, "defect_atoms": {"lattice_mat": [[9.93504, 0.0, 0.0], [0.0, 9.93504, 0.0], [0.0, 0.0, 9.93504]], "coords": [[0.16666666666666666, 0.16666666666666666, 0.16666666666666666], [0.16666666666666666, 0.16666666666666666, 0.5], [0.16666666666666666, 0.16666666666666666, 0.8333333333333334], [0.16666666666666666, 0.5, 0.16666666666666666], [0.16666666666666666, 0.5, 0.5], [0.16666666666666666, 0.5, 0.8333333333333334], [0.16666666666666666, 0.8333333333333334, 0.16666666666666666], [0.16666666666666666, 0.8333333333333334, 0.5], [0.16666666666666666, 0.8333333333333334, 0.8333333333333334], [0.5, 0.16666666666666666, 0.16666666666666666], [0.5, 0.16666666666666666, 0.5], [0.5, 0.16666666666666666, 0.8333333333333334], [0.5, 0.5, 0.16666666666666666], [0.5, 0.5, 0.5], [0.5, 0.5, 0.8333333333333334], [0.5, 0.8333333333333334, 0.16666666666666666], [0.5, 0.8333333333333334, 0.5], [0.5, 0.8333333333333334, 0.8333333333333334], [0.8333333333333334, 0.16666666666666666, 0.16666666666666666], [0.8333333333333334, 0.16666666666666666, 0.5], [0.8333333333333334, 0.16666666666666666, 0.8333333333333334], [0.8333333333333334, 0.5, 0.16666666666666666], [0.8333333333333334, 0.5, 0.5], [0.8333333333333334, 0.5, 0.8333333333333334], [0.8333333333333334, 0.8333333333333334, 0.16666666666666666], [0.8333333333333334, 0.8333333333333334, 0.5], [0.8333333333333334, 0.8333333333333334, 0.8333333333333334], [0.0, 0.0, 0.0], [0.0, 0.0, 0.3333333333333333], [0.0, 0.0, 0.6666666666666666], [0.0, 0.3333333333333333, 0.0], [0.0, 0.3333333333333333, 0.6666666666666666], [0.0, 0.6666666666666666, 0.0], [0.0, 0.6666666666666666, 0.3333333333333333], [0.0, 0.6666666666666666, 0.6666666666666666], [0.3333333333333333, 0.0, 0.0], [0.3333333333333333, 0.0, 0.3333333333333333], [0.3333333333333333, 0.0, 0.6666666666666666], [0.3333333333333333, 0.3333333333333333, 0.0], [0.3333333333333333, 0.3333333333333333, 0.3333333333333333], [0.3333333333333333, 0.3333333333333333, 0.6666666666666666], [0.3333333333333333, 0.6666666666666666, 0.0], [0.3333333333333333, 0.6666666666666666, 0.3333333333333333], [0.3333333333333333, 0.6666666666666666, 0.6666666666666666], [0.6666666666666666, 0.0, 0.0], [0.6666666666666666, 0.0, 0.3333333333333333], [0.6666666666666666, 0.0, 0.6666666666666666], [0.6666666666666666, 0.3333333333333333, 0.0], [0.6666666666666666, 0.3333333333333333, 0.3333333333333333], [0.6666666666666666, 0.3333333333333333, 0.6666666666666666], [0.6666666666666666, 0.6666666666666666, 0.0], [0.6666666666666666, 0.6666666666666666, 0.3333333333333333], [0.6666666666666666, 0.6666666666666666, 0.6666666666666666]], "elements": ["Ta", "Ta", "Ta", "Ta", "Ta", "Ta", "Ta", "Ta", "Ta", "Ta", "Ta", "Ta", "Ta", "Ta", "Ta", "Ta", "Ta", "Ta", "Ta", "Ta", "Ta", "Ta", "Ta", "Ta", "Ta", "Ta", "Ta", "Ta", "Ta", "Ta", "Ta", "Ta", "Ta", "Ta", "Ta", "Ta", "Ta", "Ta", "Ta", "Ta", "Ta", "Ta", "Ta", "Ta", "Ta", "Ta", "Ta", "Ta", "Ta", "Ta", "Ta", "Ta", "Ta"], "abc": [9.93504, 9.93504, 9.93504], "angles": [90.0, 90.0, 90.0], "cartesian": false, "props": ["a", "a", "a", "a", "a", "a", "a", "a", "a", "a", "a", "a", "a", "a", "a", "a", "a", "a", "a", "a", "a", "a", "a", "a", "a", "a", "a", "a", "a", "a", "a", "a", "a", "a", "a", "a", "a", "a", "a", "a", "a", "a", "a", "a", "a", "a", "a", "a", "a", "a", "a", "a", "a"]}}