{"name": "JVASP-837_Bi_Bi_c", "def_en": 2.0801504002591376, "energy": -90.80486716287798, "perf_atoms": {"directgap": 0.12805445464710047, "indirectgap": -0.08848103921180941, "energy": -96.9247041717368, "force": "na", "stress": "na"}, "defect_atoms": {"lattice_mat": [[4.58378, -7.93936, 0.0], [4.58378, 7.93936, 0.0], [0.0, 0.0, 12.09311]], "coords": [[0.0, 0.0, 0.23456368786408013], [0.0, 0.5, 0.23456368786408013], [0.5, 0.0, 0.23456368786408013], [0.5, 0.5, 0.23456368786408013], [0.3333333333333333, 0.16666666666666666, 0.09876964546925318], [0.3333333333333333, 0.6666666666666666, 0.09876964546925318], [0.8333333333333333, 0.16666666666666666, 0.09876964546925318], [0.8333333333333333, 0.6666666666666666, 0.09876964546925318], [0.3333333333333333, 0.16666666666666666, 0.5678970211974135], [0.3333333333333333, 0.6666666666666666, 0.5678970211974135], [0.8333333333333333, 0.16666666666666666, 0.5678970211974135], [0.8333333333333333, 0.6666666666666666, 0.5678970211974135], [0.16666666666666663, 0.3333333333333333, 0.4321029788025865], [0.16666666666666663, 0.8333333333333333, 0.4321029788025865], [0.6666666666666666, 0.3333333333333333, 0.4321029788025865], [0.6666666666666666, 0.8333333333333333, 0.4321029788025865], [0.16666666666666666, 0.3333333333333333, 0.9012303545307467], [0.16666666666666666, 0.8333333333333333, 0.9012303545307467], [0.6666666666666666, 0.3333333333333333, 0.9012303545307467], [0.6666666666666666, 0.8333333333333333, 0.9012303545307467], [0.0, 0.0, 0.7654363121359198], [0.5, 0.0, 0.7654363121359198], [0.5, 0.5, 0.7654363121359198]], "elements": ["Bi", "Bi", "Bi", "Bi", "Bi", "Bi", "Bi", "Bi", "Bi", "Bi", "Bi", "Bi", "Bi", "Bi", "Bi", "Bi", "Bi", "Bi", "Bi", "Bi", "Bi", "Bi", "Bi"], "abc": [9.167577, 9.167577, 12.09311], "angles": [90.0, 90.0, 120.0001], "cartesian": false, "props": ["c", "c", "c", "c", "c", "c", "c", "c", "c", "c", "c", "c", "c", "c", "c", "c", "c", "c", "c", "c", "c", "c", "c"]}}