{"name": "JVASP-1029_Ti_Ti_a", "def_en": 2.7818798900608472, "energy": -239.0502963552153, "perf_atoms": {"directgap": 8.420210622384926e-09, "indirectgap": -0.08941664273112195, "energy": -248.74247985347574, "force": "na", "stress": "na"}, "defect_atoms": {"lattice_mat": [[4.54684, -7.87536, 0.0], [4.54684, 7.87536, 0.0], [0.0, 0.0, 8.46051]], "coords": [[0.0, 0.0, 0.3333333333333333], [0.0, 0.0, 0.6666666666666666], [0.0, 0.5, 0.0], [0.0, 0.5, 0.3333333333333333], [0.0, 0.5, 0.6666666666666666], [0.5, 0.0, 0.0], [0.5, 0.0, 0.3333333333333333], [0.5, 0.0, 0.6666666666666666], [0.5, 0.5, 0.0], [0.5, 0.5, 0.3333333333333333], [0.5, 0.5, 0.6666666666666666], [0.3333333333333333, 0.16666666666666666, 0.16666666666666666], [0.3333333333333333, 0.16666666666666666, 0.5], [0.3333333333333333, 0.16666666666666666, 0.8333333333333334], [0.3333333333333333, 0.6666666666666666, 0.16666666666666666], [0.3333333333333333, 0.6666666666666666, 0.5], [0.3333333333333333, 0.6666666666666666, 0.8333333333333334], [0.8333333333333333, 0.16666666666666666, 0.16666666666666666], [0.8333333333333333, 0.16666666666666666, 0.5], [0.8333333333333333, 0.16666666666666666, 0.8333333333333334], [0.8333333333333333, 0.6666666666666666, 0.16666666666666666], [0.8333333333333333, 0.6666666666666666, 0.5], [0.8333333333333333, 0.6666666666666666, 0.8333333333333334], [0.16666666666666669, 0.33333333333333337, 0.16666666666666666], [0.16666666666666669, 0.33333333333333337, 0.5], [0.16666666666666669, 0.33333333333333337, 0.8333333333333334], [0.16666666666666669, 0.8333333333333334, 0.16666666666666666], [0.16666666666666669, 0.8333333333333334, 0.5], [0.16666666666666669, 0.8333333333333334, 0.8333333333333334], [0.6666666666666667, 0.33333333333333337, 0.16666666666666666], [0.6666666666666667, 0.33333333333333337, 0.5], [0.6666666666666667, 0.33333333333333337, 0.8333333333333334], [0.6666666666666667, 0.8333333333333334, 0.16666666666666666], [0.6666666666666667, 0.8333333333333334, 0.5], [0.6666666666666667, 0.8333333333333334, 0.8333333333333334]], "elements": ["Ti", "Ti", "Ti", "Ti", "Ti", "Ti", "Ti", "Ti", "Ti", "Ti", "Ti", "Ti", "Ti", "Ti", "Ti", "Ti", "Ti", "Ti", "Ti", "Ti", "Ti", "Ti", "Ti", "Ti", "Ti", "Ti", "Ti", "Ti", "Ti", "Ti", "Ti", "Ti", "Ti", "Ti", "Ti"], "abc": [9.093682, 9.093682, 8.46051], "angles": [90.0, 90.0, 120.0], "cartesian": false, "props": ["a", "a", "a", "a", "a", "a", "a", "a", "a", "a", "a", "d", "d", "d", "d", "d", "d", "d", "d", "d", "d", "d", "d", "d", "d", "d", "d", "d", "d", "d", "d", "d", "d", "d", "d"]}}