{"name": "JVASP-931_Na_Na_c", "def_en": 0.41813292941813085, "energy": -8.758341469302199, "perf_atoms": {"directgap": 0.0, "indirectgap": -0.9722089149417438, "energy": -10.487731054277434, "force": "na", "stress": "na"}, "defect_atoms": {"lattice_mat": [[3.72226, -6.44714, 0.0], [3.72226, 6.44714, 0.0], [0.0, 0.0, 6.07547]], "coords": [[0.3333333333333333, 0.16666666666666666, 0.75], [0.3333333333333333, 0.6666666666666666, 0.75], [0.8333333333333333, 0.16666666666666666, 0.75], [0.8333333333333333, 0.6666666666666666, 0.75], [0.16666666666666669, 0.33333333333333337, 0.25], [0.6666666666666667, 0.33333333333333337, 0.25], [0.6666666666666667, 0.8333333333333334, 0.25]], "elements": ["Na", "Na", "Na", "Na", "Na", "Na", "Na"], "abc": [7.444517, 7.444517, 6.07547], "angles": [90.0, 90.0, 120.0], "cartesian": false, "props": ["c", "c", "c", "c", "c", "c", "c"]}}