{"name": "JVASP-14832_Cd_Cd_c", "def_en": 0.4621197233511718, "energy": -19.058443805697692, "perf_atoms": {"directgap": 0.0, "indirectgap": -0.7363367152977615, "energy": -20.668831626967933, "force": "na", "stress": "na"}, "defect_atoms": {"lattice_mat": [[4.5309, -7.84776, 0.0], [4.5309, 7.84776, 0.0], [0.0, 0.0, 5.73145]], "coords": [[0.2222222222222222, 0.1111111111111111, 0.75], [0.2222222222222222, 0.4444444444444444, 0.75], [0.2222222222222222, 0.7777777777777778, 0.75], [0.5555555555555555, 0.1111111111111111, 0.75], [0.5555555555555555, 0.4444444444444444, 0.75], [0.5555555555555555, 0.7777777777777778, 0.75], [0.8888888888888888, 0.1111111111111111, 0.75], [0.8888888888888888, 0.4444444444444444, 0.75], [0.8888888888888888, 0.7777777777777778, 0.75], [0.11111111111111112, 0.5555555555555556, 0.25], [0.11111111111111112, 0.888888888888889, 0.25], [0.4444444444444445, 0.22222222222222224, 0.25], [0.4444444444444445, 0.5555555555555556, 0.25], [0.4444444444444445, 0.888888888888889, 0.25], [0.7777777777777778, 0.22222222222222224, 0.25], [0.7777777777777778, 0.5555555555555556, 0.25], [0.7777777777777778, 0.888888888888889, 0.25]], "elements": ["Cd", "Cd", "Cd", "Cd", "Cd", "Cd", "Cd", "Cd", "Cd", "Cd", "Cd", "Cd", "Cd", "Cd", "Cd", "Cd", "Cd"], "abc": [9.06181, 9.06181, 5.73145], "angles": [90.0, 90.0, 120.0001], "cartesian": false, "props": ["c", "c", "c", "c", "c", "c", "c", "c", "c", "c", "c", "c", "c", "c", "c", "c", "c"]}}