{"name": "JVASP-14744_Os_Os_c", "def_en": 3.287327341440248, "energy": -401.37045881693234, "perf_atoms": {"directgap": 0.0, "indirectgap": -0.27910242876600233, "energy": -416.2194318830729, "force": "na", "stress": "na"}, "defect_atoms": {"lattice_mat": [[4.15224, -7.19193, 0.0], [4.15224, 7.19193, 0.0], [0.0, 0.0, 8.73586]], "coords": [[0.1111111111111111, 0.2222222222222222, 0.125], [0.1111111111111111, 0.2222222222222222, 0.625], [0.1111111111111111, 0.5555555555555555, 0.125], [0.1111111111111111, 0.5555555555555555, 0.625], [0.1111111111111111, 0.8888888888888888, 0.125], [0.1111111111111111, 0.8888888888888888, 0.625], [0.4444444444444444, 0.2222222222222222, 0.125], [0.4444444444444444, 0.2222222222222222, 0.625], [0.4444444444444444, 0.5555555555555555, 0.125], [0.4444444444444444, 0.5555555555555555, 0.625], [0.4444444444444444, 0.8888888888888888, 0.125], [0.4444444444444444, 0.8888888888888888, 0.625], [0.7777777777777778, 0.2222222222222222, 0.125], [0.7777777777777778, 0.2222222222222222, 0.625], [0.7777777777777778, 0.5555555555555555, 0.125], [0.7777777777777778, 0.5555555555555555, 0.625], [0.7777777777777778, 0.8888888888888888, 0.125], [0.7777777777777778, 0.8888888888888888, 0.625], [0.22222222222222224, 0.11111111111111112, 0.375], [0.22222222222222224, 0.11111111111111112, 0.875], [0.22222222222222224, 0.4444444444444445, 0.375], [0.22222222222222224, 0.4444444444444445, 0.875], [0.22222222222222224, 0.7777777777777778, 0.375], [0.22222222222222224, 0.7777777777777778, 0.875], [0.5555555555555556, 0.11111111111111112, 0.375], [0.5555555555555556, 0.4444444444444445, 0.375], [0.5555555555555556, 0.4444444444444445, 0.875], [0.5555555555555556, 0.7777777777777778, 0.375], [0.5555555555555556, 0.7777777777777778, 0.875], [0.888888888888889, 0.11111111111111112, 0.375], [0.888888888888889, 0.11111111111111112, 0.875], [0.888888888888889, 0.4444444444444445, 0.375], [0.888888888888889, 0.4444444444444445, 0.875], [0.888888888888889, 0.7777777777777778, 0.375], [0.888888888888889, 0.7777777777777778, 0.875]], "elements": ["Os", "Os", "Os", "Os", "Os", "Os", "Os", "Os", "Os", "Os", "Os", "Os", "Os", "Os", "Os", "Os", "Os", "Os", "Os", "Os", "Os", "Os", "Os", "Os", "Os", "Os", "Os", "Os", "Os", "Os", "Os", "Os", "Os", "Os", "Os"], "abc": [8.304514, 8.304514, 8.73586], "angles": [90.0, 90.0, 120.0003], "cartesian": false, "props": ["c", "c", "c", "c", "c", "c", "c", "c", "c", "c", "c", "c", "c", "c", "c", "c", "c", "c", "c", "c", "c", "c", "c", "c", "c", "c", "c", "c", "c", "c", "c", "c", "c", "c", "c"]}}