{"name": "JVASP-943_Ni_Ni_a", "def_en": 1.6118831766331283, "energy": -179.64998593164987, "perf_atoms": {"directgap": 7.075177271394158e-07, "indirectgap": -0.09366806309627689, "energy": -187.11298233022512, "force": "na", "stress": "na"}, "defect_atoms": {"lattice_mat": [[7.02398, 0.0, 0.0], [0.0, 7.02398, 0.0], [0.0, 0.0, 7.02398]], "coords": [[0.0, 0.0, 0.0], [0.0, 0.0, 0.5], [0.0, 0.5, 0.0], [0.0, 0.5, 0.5], [0.5, 0.0, 0.0], [0.5, 0.0, 0.5], [0.5, 0.5, 0.0], [0.5, 0.5, 0.5], [0.0, 0.25, 0.25], [0.0, 0.25, 0.75], [0.0, 0.75, 0.25], [0.0, 0.75, 0.75], [0.5, 0.25, 0.25], [0.5, 0.25, 0.75], [0.5, 0.75, 0.25], [0.5, 0.75, 0.75], [0.25, 0.0, 0.25], [0.25, 0.0, 0.75], [0.25, 0.5, 0.25], [0.25, 0.5, 0.75], [0.75, 0.0, 0.25], [0.75, 0.0, 0.75], [0.75, 0.5, 0.25], [0.75, 0.5, 0.75], [0.25, 0.25, 0.0], [0.25, 0.25, 0.5], [0.25, 0.75, 0.0], [0.25, 0.75, 0.5], [0.75, 0.25, 0.5], [0.75, 0.75, 0.0], [0.75, 0.75, 0.5]], "elements": ["Ni", "Ni", "Ni", "Ni", "Ni", "Ni", "Ni", "Ni", "Ni", "Ni", "Ni", "Ni", "Ni", "Ni", "Ni", "Ni", "Ni", "Ni", "Ni", "Ni", "Ni", "Ni", "Ni", "Ni", "Ni", "Ni", "Ni", "Ni", "Ni", "Ni", "Ni"], "abc": [7.02398, 7.02398, 7.02398], "angles": [90.0, 90.0, 90.0], "cartesian": false, "props": ["a", "a", "a", "a", "a", "a", "a", "a", "a", "a", "a", "a", "a", "a", "a", "a", "a", "a", "a", "a", "a", "a", "a", "a", "a", "a", "a", "a", "a", "a", "a"]}}