{"name": "JVASP-825_Au_Au_a", "def_en": 1.190303139400236, "energy": -117.11756909507542, "perf_atoms": {"directgap": 0.0, "indirectgap": -0.363786448620523, "energy": -122.11529976714137, "force": "na", "stress": "na"}, "defect_atoms": {"lattice_mat": [[8.30578, 0.0, 0.0], [0.0, 8.30578, 0.0], [0.0, 0.0, 8.30578]], "coords": [[0.0, 0.0, 0.0], [0.0, 0.0, 0.5], [0.0, 0.5, 0.0], [0.0, 0.5, 0.5], [0.5, 0.0, 0.0], [0.5, 0.0, 0.5], [0.5, 0.5, 0.0], [0.5, 0.5, 0.5], [0.0, 0.25, 0.25], [0.0, 0.25, 0.75], [0.0, 0.75, 0.25], [0.0, 0.75, 0.75], [0.5, 0.25, 0.25], [0.5, 0.25, 0.75], [0.5, 0.75, 0.25], [0.25, 0.0, 0.25], [0.25, 0.0, 0.75], [0.25, 0.5, 0.25], [0.25, 0.5, 0.75], [0.75, 0.0, 0.25], [0.75, 0.0, 0.75], [0.75, 0.5, 0.25], [0.75, 0.5, 0.75], [0.25, 0.25, 0.0], [0.25, 0.25, 0.5], [0.25, 0.75, 0.0], [0.25, 0.75, 0.5], [0.75, 0.25, 0.0], [0.75, 0.25, 0.5], [0.75, 0.75, 0.0], [0.75, 0.75, 0.5]], "elements": ["Au", "Au", "Au", "Au", "Au", "Au", "Au", "Au", "Au", "Au", "Au", "Au", "Au", "Au", "Au", "Au", "Au", "Au", "Au", "Au", "Au", "Au", "Au", "Au", "Au", "Au", "Au", "Au", "Au", "Au", "Au"], "abc": [8.30578, 8.30578, 8.30578], "angles": [90.0, 90.0, 90.0], "cartesian": false, "props": ["a", "a", "a", "a", "a", "a", "a", "a", "a", "a", "a", "a", "a", "a", "a", "a", "a", "a", "a", "a", "a", "a", "a", "a", "a", "a", "a", "a", "a", "a", "a"]}}