{"name": "JVASP-987_Ru_Ru_c", "def_en": 2.8957577846774587, "energy": -328.6726652541834, "perf_atoms": {"directgap": 1.3103899157061172e-13, "indirectgap": -0.19596482582773933, "energy": -341.0418081493768, "force": "na", "stress": "na"}, "defect_atoms": {"lattice_mat": [[4.08762, -7.079940000000001, 0.0], [4.08762, 7.079940000000001, 0.0], [0.0, 0.0, 8.5946]], "coords": [[0.2222222222222222, 0.1111111111111111, 0.375], [0.2222222222222222, 0.1111111111111111, 0.875], [0.2222222222222222, 0.4444444444444444, 0.375], [0.2222222222222222, 0.4444444444444444, 0.875], [0.2222222222222222, 0.7777777777777778, 0.375], [0.2222222222222222, 0.7777777777777778, 0.875], [0.5555555555555555, 0.1111111111111111, 0.375], [0.5555555555555555, 0.1111111111111111, 0.875], [0.5555555555555555, 0.4444444444444444, 0.375], [0.5555555555555555, 0.4444444444444444, 0.875], [0.5555555555555555, 0.7777777777777778, 0.375], [0.5555555555555555, 0.7777777777777778, 0.875], [0.8888888888888888, 0.1111111111111111, 0.375], [0.8888888888888888, 0.4444444444444444, 0.375], [0.8888888888888888, 0.4444444444444444, 0.875], [0.8888888888888888, 0.7777777777777778, 0.375], [0.8888888888888888, 0.7777777777777778, 0.875], [0.11111111111111112, 0.22222222222222224, 0.125], [0.11111111111111112, 0.22222222222222224, 0.625], [0.11111111111111112, 0.5555555555555556, 0.125], [0.11111111111111112, 0.5555555555555556, 0.625], [0.11111111111111112, 0.888888888888889, 0.125], [0.11111111111111112, 0.888888888888889, 0.625], [0.4444444444444445, 0.22222222222222224, 0.125], [0.4444444444444445, 0.22222222222222224, 0.625], [0.4444444444444445, 0.5555555555555556, 0.125], [0.4444444444444445, 0.5555555555555556, 0.625], [0.4444444444444445, 0.888888888888889, 0.125], [0.4444444444444445, 0.888888888888889, 0.625], [0.7777777777777778, 0.22222222222222224, 0.125], [0.7777777777777778, 0.22222222222222224, 0.625], [0.7777777777777778, 0.5555555555555556, 0.125], [0.7777777777777778, 0.5555555555555556, 0.625], [0.7777777777777778, 0.888888888888889, 0.125], [0.7777777777777778, 0.888888888888889, 0.625]], "elements": ["Ru", "Ru", "Ru", "Ru", "Ru", "Ru", "Ru", "Ru", "Ru", "Ru", "Ru", "Ru", "Ru", "Ru", "Ru", "Ru", "Ru", "Ru", "Ru", "Ru", "Ru", "Ru", "Ru", "Ru", "Ru", "Ru", "Ru", "Ru", "Ru", "Ru", "Ru", "Ru", "Ru", "Ru", "Ru"], "abc": [8.175218, 8.175218, 8.5946], "angles": [90.0, 90.0, 119.9998], "cartesian": false, "props": ["c", "c", "c", "c", "c", "c", "c", "c", "c", "c", "c", "c", "c", "c", "c", "c", "c", "c", "c", "c", "c", "c", "c", "c", "c", "c", "c", "c", "c", "c", "c", "c", "c", "c", "c"]}}