{"name": "JVASP-972_Pt_Pt_a", "def_en": 1.771660205284741, "energy": -203.57521482410723, "perf_atoms": {"directgap": 0.0, "indirectgap": -0.18823843508902766, "energy": -211.9768842935764, "force": "na", "stress": "na"}, "defect_atoms": {"lattice_mat": [[7.95354, 0.0, 0.0], [0.0, 7.95354, 0.0], [0.0, 0.0, 7.95354]], "coords": [[0.0, 0.0, 0.0], [0.0, 0.0, 0.5], [0.0, 0.5, 0.0], [0.0, 0.5, 0.5], [0.5, 0.0, 0.0], [0.5, 0.0, 0.5], [0.5, 0.5, 0.0], [0.5, 0.5, 0.5], [0.0, 0.25, 0.25], [0.0, 0.25, 0.75], [0.0, 0.75, 0.25], [0.0, 0.75, 0.75], [0.5, 0.25, 0.25], [0.5, 0.25, 0.75], [0.5, 0.75, 0.25], [0.5, 0.75, 0.75], [0.25, 0.0, 0.25], [0.25, 0.0, 0.75], [0.25, 0.5, 0.25], [0.25, 0.5, 0.75], [0.75, 0.0, 0.25], [0.75, 0.0, 0.75], [0.75, 0.5, 0.25], [0.75, 0.5, 0.75], [0.25, 0.25, 0.0], [0.25, 0.25, 0.5], [0.25, 0.75, 0.5], [0.75, 0.25, 0.0], [0.75, 0.25, 0.5], [0.75, 0.75, 0.0], [0.75, 0.75, 0.5]], "elements": ["Pt", "Pt", "Pt", "Pt", "Pt", "Pt", "Pt", "Pt", "Pt", "Pt", "Pt", "Pt", "Pt", "Pt", "Pt", "Pt", "Pt", "Pt", "Pt", "Pt", "Pt", "Pt", "Pt", "Pt", "Pt", "Pt", "Pt", "Pt", "Pt", "Pt", "Pt"], "abc": [7.95354, 7.95354, 7.95354], "angles": [90.0, 90.0, 90.0], "cartesian": false, "props": ["a", "a", "a", "a", "a", "a", "a", "a", "a", "a", "a", "a", "a", "a", "a", "a", "a", "a", "a", "a", "a", "a", "a", "a", "a", "a", "a", "a", "a", "a", "a"]}}