{"name": "JVASP-934_Nb_Nb_a", "def_en": 3.219686228684502, "energy": -527.9107176694706, "perf_atoms": {"directgap": 7.55267962943007e-16, "indirectgap": -0.14153508650688096, "energy": -541.1567805519946, "force": "na", "stress": "na"}, "defect_atoms": {"lattice_mat": [[9.95721, 0.0, 0.0], [0.0, 9.95721, 0.0], [0.0, 0.0, 9.95721]], "coords": [[0.0, 0.0, 0.0], [0.0, 0.0, 0.3333333333333333], [0.0, 0.0, 0.6666666666666666], [0.0, 0.3333333333333333, 0.0], [0.0, 0.3333333333333333, 0.3333333333333333], [0.0, 0.3333333333333333, 0.6666666666666666], [0.0, 0.6666666666666666, 0.0], [0.0, 0.6666666666666666, 0.3333333333333333], [0.0, 0.6666666666666666, 0.6666666666666666], [0.3333333333333333, 0.0, 0.0], [0.3333333333333333, 0.0, 0.3333333333333333], [0.3333333333333333, 0.0, 0.6666666666666666], [0.3333333333333333, 0.3333333333333333, 0.0], [0.3333333333333333, 0.3333333333333333, 0.3333333333333333], [0.3333333333333333, 0.3333333333333333, 0.6666666666666666], [0.3333333333333333, 0.6666666666666666, 0.0], [0.3333333333333333, 0.6666666666666666, 0.3333333333333333], [0.3333333333333333, 0.6666666666666666, 0.6666666666666666], [0.6666666666666666, 0.0, 0.0], [0.6666666666666666, 0.0, 0.3333333333333333], [0.6666666666666666, 0.0, 0.6666666666666666], [0.6666666666666666, 0.3333333333333333, 0.0], [0.6666666666666666, 0.3333333333333333, 0.3333333333333333], [0.6666666666666666, 0.3333333333333333, 0.6666666666666666], [0.6666666666666666, 0.6666666666666666, 0.0], [0.6666666666666666, 0.6666666666666666, 0.3333333333333333], [0.6666666666666666, 0.6666666666666666, 0.6666666666666666], [0.16666666666666666, 0.16666666666666666, 0.16666666666666666], [0.16666666666666666, 0.16666666666666666, 0.5], [0.16666666666666666, 0.16666666666666666, 0.8333333333333334], [0.16666666666666666, 0.5, 0.5], [0.16666666666666666, 0.5, 0.8333333333333334], [0.16666666666666666, 0.8333333333333334, 0.16666666666666666], [0.16666666666666666, 0.8333333333333334, 0.5], [0.16666666666666666, 0.8333333333333334, 0.8333333333333334], [0.5, 0.16666666666666666, 0.16666666666666666], [0.5, 0.16666666666666666, 0.5], [0.5, 0.16666666666666666, 0.8333333333333334], [0.5, 0.5, 0.16666666666666666], [0.5, 0.5, 0.5], [0.5, 0.5, 0.8333333333333334], [0.5, 0.8333333333333334, 0.16666666666666666], [0.5, 0.8333333333333334, 0.5], [0.5, 0.8333333333333334, 0.8333333333333334], [0.8333333333333334, 0.16666666666666666, 0.16666666666666666], [0.8333333333333334, 0.16666666666666666, 0.5], [0.8333333333333334, 0.16666666666666666, 0.8333333333333334], [0.8333333333333334, 0.5, 0.16666666666666666], [0.8333333333333334, 0.5, 0.5], [0.8333333333333334, 0.5, 0.8333333333333334], [0.8333333333333334, 0.8333333333333334, 0.16666666666666666], [0.8333333333333334, 0.8333333333333334, 0.5], [0.8333333333333334, 0.8333333333333334, 0.8333333333333334]], "elements": ["Nb", "Nb", "Nb", "Nb", "Nb", "Nb", "Nb", "Nb", "Nb", "Nb", "Nb", "Nb", "Nb", "Nb", "Nb", "Nb", "Nb", "Nb", "Nb", "Nb", "Nb", "Nb", "Nb", "Nb", "Nb", "Nb", "Nb", "Nb", "Nb", "Nb", "Nb", "Nb", "Nb", "Nb", "Nb", "Nb", "Nb", "Nb", "Nb", "Nb", "Nb", "Nb", "Nb", "Nb", "Nb", "Nb", "Nb", "Nb", "Nb", "Nb", "Nb", "Nb", "Nb"], "abc": [9.95721, 9.95721, 9.95721], "angles": [90.0, 90.0, 90.0], "cartesian": false, "props": ["a", "a", "a", "a", "a", "a", "a", "a", "a", "a", "a", "a", "a", "a", "a", "a", "a", "a", "a", "a", "a", "a", "a", "a", "a", "a", "a", "a", "a", "a", "a", "a", "a", "a", "a", "a", "a", "a", "a", "a", "a", "a", "a", "a", "a", "a", "a", "a", "a", "a", "a", "a", "a"]}}