{"name": "JVASP-898_In_In_a", "def_en": 0.5376737522370636, "energy": -46.670337596830336, "perf_atoms": {"directgap": 0.0, "indirectgap": -0.9899894253987239, "energy": -49.98604124293419, "force": "na", "stress": "na"}, "defect_atoms": {"lattice_mat": [[9.88401, 0.0, 0.0], [0.0, 9.88401, 0.0], [0.0, 0.0, 5.07024]], "coords": [[0.16666666666666666, 0.16666666666666666, 0.5], [0.16666666666666666, 0.5, 0.5], [0.16666666666666666, 0.8333333333333334, 0.5], [0.5, 0.5, 0.5], [0.5, 0.8333333333333334, 0.5], [0.8333333333333334, 0.16666666666666666, 0.5], [0.8333333333333334, 0.5, 0.5], [0.8333333333333334, 0.8333333333333334, 0.5], [0.0, 0.0, 0.0], [0.0, 0.3333333333333333, 0.0], [0.0, 0.6666666666666666, 0.0], [0.3333333333333333, 0.0, 0.0], [0.3333333333333333, 0.3333333333333333, 0.0], [0.3333333333333333, 0.6666666666666666, 0.0], [0.6666666666666666, 0.0, 0.0], [0.6666666666666666, 0.3333333333333333, 0.0], [0.6666666666666666, 0.6666666666666666, 0.0]], "elements": ["In", "In", "In", "In", "In", "In", "In", "In", "In", "In", "In", "In", "In", "In", "In", "In", "In"], "abc": [9.88401, 9.88401, 5.07024], "angles": [90.0, 90.0, 90.0], "cartesian": false, "props": ["a", "a", "a", "a", "a", "a", "a", "a", "a", "a", "a", "a", "a", "a", "a", "a", "a"]}}