{"name": "JVASP-25180_Ca_Ca_a", "def_en": 1.2213155052153146, "energy": -5.139036703004443, "perf_atoms": {"directgap": 0.0023402098315030975, "indirectgap": -0.1198441254730993, "energy": -8.48369146848068, "force": "na", "stress": "na"}, "defect_atoms": {"lattice_mat": [[5.45674, 0.0, 0.0], [0.0, 5.45674, 0.0], [0.0, 0.0, 5.45674]], "coords": [[0.0, 0.0, 0.0], [0.0, 0.5, 0.5], [0.5, 0.5, 0.0]], "elements": ["Ca", "Ca", "Ca"], "abc": [5.45674, 5.45674, 5.45674], "angles": [90.0, 90.0, 90.0], "cartesian": false, "props": ["a", "a", "a"]}}