{"name": "JVASP-25250_N_N_f", "def_en": 8.239908024545416, "energy": -115.2318477603791, "perf_atoms": {"directgap": 7.517896579198075, "indirectgap": 7.24371020765353, "energy": -131.70320666542452, "force": "na", "stress": "na"}, "defect_atoms": {"lattice_mat": [[7.88348, 0.0, 0.0], [0.0, 7.88348, 0.0], [0.0, 0.0, 5.144]], "coords": [[0.45024836329529117, 0.45024836329529117, 0.0], [0.45024836329529117, 0.9502483632952912, 0.0], [0.9502483632952912, 0.45024836329529117, 0.0], [0.9502483632952912, 0.9502483632952912, 0.0], [0.29975163670470883, 0.20024836329529117, 0.5], [0.29975163670470883, 0.7002483632952912, 0.5], [0.7997516367047088, 0.20024836329529117, 0.5], [0.7997516367047088, 0.7002483632952912, 0.5], [0.049751636704708835, 0.049751636704708835, 0.0], [0.049751636704708835, 0.5497516367047088, 0.0], [0.5497516367047088, 0.049751636704708835, 0.0], [0.20024836329529117, 0.29975163670470883, 0.5], [0.20024836329529117, 0.7997516367047088, 0.5], [0.7002483632952912, 0.29975163670470883, 0.5], [0.7002483632952912, 0.7997516367047088, 0.5]], "elements": ["N", "N", "N", "N", "N", "N", "N", "N", "N", "N", "N", "N", "N", "N", "N"], "abc": [7.88348, 7.88348, 5.144], "angles": [90.0, 90.0, 90.0], "cartesian": false, "props": ["f", "f", "f", "f", "f", "f", "f", "f", "f", "f", "f", "f", "f", "f", "f"]}}