{"name": "JVASP-25407_C_C_c", "def_en": 9.15857237530675, "energy": -585.5819760474247, "perf_atoms": {"directgap": 0.4943410786874876, "indirectgap": 0.49434107868748456, "energy": -604.1814604282524, "force": "na", "stress": "na"}, "defect_atoms": {"lattice_mat": [[4.92996, -8.53896, 0.0], [4.92996, 8.53896, 0.0], [0.0, 0.0, 6.69838]], "coords": [[0.0, 0.0, 0.25], [0.0, 0.25, 0.25], [0.0, 0.5, 0.25], [0.0, 0.75, 0.25], [0.25, 0.0, 0.25], [0.25, 0.25, 0.25], [0.25, 0.5, 0.25], [0.25, 0.75, 0.25], [0.5, 0.0, 0.25], [0.5, 0.25, 0.25], [0.5, 0.5, 0.25], [0.5, 0.75, 0.25], [0.75, 0.0, 0.25], [0.75, 0.25, 0.25], [0.75, 0.5, 0.25], [0.75, 0.75, 0.25], [0.0, 0.0, 0.75], [0.0, 0.25, 0.75], [0.0, 0.5, 0.75], [0.0, 0.75, 0.75], [0.25, 0.0, 0.75], [0.25, 0.25, 0.75], [0.25, 0.5, 0.75], [0.25, 0.75, 0.75], [0.5, 0.0, 0.75], [0.5, 0.25, 0.75], [0.5, 0.5, 0.75], [0.5, 0.75, 0.75], [0.75, 0.0, 0.75], [0.75, 0.25, 0.75], [0.75, 0.5, 0.75], [0.75, 0.75, 0.75], [0.08333333333333333, 0.16666666666666666, 0.25], [0.08333333333333333, 0.41666666666666663, 0.25], [0.08333333333333333, 0.6666666666666666, 0.25], [0.3333333333333333, 0.16666666666666666, 0.25], [0.3333333333333333, 0.41666666666666663, 0.25], [0.3333333333333333, 0.6666666666666666, 0.25], [0.3333333333333333, 0.9166666666666666, 0.25], [0.5833333333333334, 0.16666666666666666, 0.25], [0.5833333333333334, 0.41666666666666663, 0.25], [0.5833333333333334, 0.6666666666666666, 0.25], [0.5833333333333334, 0.9166666666666666, 0.25], [0.8333333333333334, 0.16666666666666666, 0.25], [0.8333333333333334, 0.41666666666666663, 0.25], [0.8333333333333334, 0.6666666666666666, 0.25], [0.8333333333333334, 0.9166666666666666, 0.25], [0.16666666666666669, 0.08333333333333334, 0.75], [0.16666666666666669, 0.33333333333333337, 0.75], [0.16666666666666669, 0.5833333333333334, 0.75], [0.16666666666666669, 0.8333333333333334, 0.75], [0.4166666666666667, 0.08333333333333334, 0.75], [0.4166666666666667, 0.33333333333333337, 0.75], [0.4166666666666667, 0.5833333333333334, 0.75], [0.4166666666666667, 0.8333333333333334, 0.75], [0.6666666666666667, 0.08333333333333334, 0.75], [0.6666666666666667, 0.33333333333333337, 0.75], [0.6666666666666667, 0.5833333333333334, 0.75], [0.6666666666666667, 0.8333333333333334, 0.75], [0.9166666666666667, 0.08333333333333334, 0.75], [0.9166666666666667, 0.33333333333333337, 0.75], [0.9166666666666667, 0.5833333333333334, 0.75], [0.9166666666666667, 0.8333333333333334, 0.75]], "elements": ["C", "C", "C", "C", "C", "C", "C", "C", "C", "C", "C", "C", "C", "C", "C", "C", "C", "C", "C", "C", "C", "C", "C", "C", "C", "C", "C", "C", "C", "C", "C", "C", "C", "C", "C", "C", "C", "C", "C", "C", "C", "C", "C", "C", "C", "C", "C", "C", "C", "C", "C", "C", "C", "C", "C", "C", "C", "C", "C", "C", "C", "C", "C"], "abc": [9.859936, 9.859936, 6.69838], "angles": [90.0, 90.0, 120.0001], "cartesian": false, "props": ["b", "b", "b", "b", "b", "b", "b", "b", "b", "b", "b", "b", "b", "b", "b", "b", "b", "b", "b", "b", "b", "b", "b", "b", "b", "b", "b", "b", "b", "b", "b", "b", "c", "c", "c", "c", "c", "c", "c", "c", "c", "c", "c", "c", "c", "c", "c", "c", "c", "c", "c", "c", "c", "c", "c", "c", "c", "c", "c", "c", "c", "c", "c"]}}