{"name": "JVASP-949_O_O_j", "def_en": 3.808179624503003, "energy": -153.7414337923224, "perf_atoms": {"directgap": 1.2121179993748183, "indirectgap": 1.1075492561548244, "energy": -162.63182705247777, "force": "na", "stress": "na"}, "defect_atoms": {"lattice_mat": [[0.0, 8.32463, 0.0], [6.02198, 0.0, 0.0], [0.0, -3.50662, -7.54986]], "coords": [[-0.9686673367087386, -0.2523033780111982, -0.41857883615710617], [-0.9686673367087386, -0.2523033780111982, 0.08142116384289383], [-0.03133266329126139, -0.2523033780111982, -0.08142116384289383], [-0.03133266329126139, -0.2523033780111982, 0.41857883615710617], [-0.03133266329126139, -0.7476966219888018, -0.08142116384289383], [-0.03133266329126139, -0.7476966219888018, 0.41857883615710617], [-0.9686673367087386, -0.7476966219888018, -0.41857883615710617], [-0.9686673367087386, -0.7476966219888018, 0.08142116384289383], [-0.28183465340579467, -0.5, -0.41016117434203425], [-0.28183465340579467, -0.5, 0.08983882565796575], [-0.7181653465942053, -0.5, -0.08983882565796575], [-0.7181653465942053, -0.5, 0.41016117434203425], [-0.3446181481589333, -0.5, -0.07313616151123242], [-0.3446181481589333, -0.5, 0.4268638384887676], [-0.6553818518410667, -0.5, -0.4268638384887676], [-0.6553818518410667, -0.5, 0.07313616151123242], [-0.4686673367087386, -0.7523033780111982, -0.41857883615710617], [-0.4686673367087386, -0.7523033780111982, 0.08142116384289383], [-0.5313326632912614, -0.7523033780111982, -0.08142116384289383], [-0.5313326632912614, -0.7523033780111982, 0.41857883615710617], [-0.5313326632912614, -0.2476966219888017, -0.08142116384289383], [-0.5313326632912614, -0.2476966219888017, 0.41857883615710617], [-0.4686673367087386, -0.2476966219888017, -0.41857883615710617], [-0.7818346534057947, 0.0, -0.41016117434203425], [-0.7818346534057947, 0.0, 0.08983882565796575], [-0.21816534659420528, 0.0, -0.08983882565796575], [-0.21816534659420528, 0.0, 0.41016117434203425], [-0.8446181481589333, 0.0, -0.07313616151123242], [-0.8446181481589333, 0.0, 0.4268638384887676], [-0.1553818518410668, 0.0, -0.4268638384887676], [-0.1553818518410668, 0.0, 0.07313616151123242]], "elements": ["O", "O", "O", "O", "O", "O", "O", "O", "O", "O", "O", "O", "O", "O", "O", "O", "O", "O", "O", "O", "O", "O", "O", "O", "O", "O", "O", "O", "O", "O", "O"], "abc": [8.32463, 6.02198, 8.324468], "angles": [90.0, 114.9131, 90.0], "cartesian": false, "props": ["j", "j", "j", "j", "j", "j", "j", "j", "i", "i", "i", "i", "i", "i", "i", "i", "j", "j", "j", "j", "j", "j", "j", "i", "i", "i", "i", "i", "i", "i", "i"]}}