{"name": "JVASP-922_Mn_Mn_a", "def_en": 2.6064245083904645, "energy": -520.5389540004631, "perf_atoms": {"directgap": 6.41977768501556e-14, "indirectgap": -0.05246060843327023, "energy": -532.324745942003, "force": "na", "stress": "na"}, "defect_atoms": {"lattice_mat": [[8.55389, 0.0, 0.0], [0.0, 8.55389, 0.0], [0.0, 0.0, 8.55389]], "coords": [[0.5889198313377413, 0.5889198313377413, 0.7814495116101706], [0.08891983133774128, 0.9110801686622587, 0.7185504883898294], [0.7185504883898294, 0.9110801686622587, 0.08891983133774128], [0.21855048838982938, 0.5889198313377413, 0.4110801686622587], [0.2814495116101705, 0.9110801686622587, 0.9110801686622587], [0.9110801686622587, 0.9110801686622587, 0.2814495116101705], [0.9110801686622587, 0.08891983133774128, 0.7185504883898294], [0.5889198313377413, 0.21855048838982938, 0.4110801686622587], [0.9110801686622587, 0.7185504883898294, 0.08891983133774128], [0.08891983133774128, 0.2814495116101705, 0.08891983133774128], [0.14341989094465055, 0.5382509909347484, 0.14341989094465055], [0.5382509909347484, 0.8565801090553494, 0.8565801090553494], [0.2814495116101705, 0.08891983133774128, 0.08891983133774128], [0.8565801090553494, 0.8565801090553494, 0.5382509909347484], [0.9617490090652516, 0.6434198909446506, 0.3565801090553494], [0.4617490090652516, 0.8565801090553494, 0.14341989094465055], [0.5382509909347484, 0.14341989094465055, 0.14341989094465055], [0.6434198909446506, 0.6434198909446506, 0.038250990934748375], [0.14341989094465055, 0.8565801090553494, 0.4617490090652516], [0.8565801090553494, 0.4617490090652516, 0.14341989094465055], [0.6434198909446506, 0.9617490090652516, 0.3565801090553494], [0.8565801090553494, 0.5382509909347484, 0.8565801090553494], [0.18139073194340993, 0.81860926805659, 0.18139073194340993], [0.8186092680565901, 0.18139073194341004, 0.18139073194340993], [0.68139073194341, 0.6813907319434099, 0.31860926805659007], [0.81860926805659, 0.8186092680565901, 0.8186092680565901], [0.8565801090553494, 0.14341989094465055, 0.4617490090652516], [0.9110801686622587, 0.2814495116101705, 0.9110801686622587], [0.5, 0.5, 0.5], [0.08891983133774128, 0.08891983133774128, 0.2814495116101705], [0.5889198313377413, 0.4110801686622587, 0.2185504883898295], [0.2185504883898295, 0.4110801686622587, 0.5889198313377413], [0.7185504883898294, 0.08891983133774128, 0.9110801686622587], [0.7814495116101705, 0.4110801686622587, 0.4110801686622587], [0.4110801686622587, 0.4110801686622587, 0.7814495116101705], [0.4110801686622587, 0.5889198313377413, 0.2185504883898295], [0.08891983133774128, 0.7185504883898294, 0.9110801686622587], [0.4110801686622587, 0.2185504883898295, 0.5889198313377413], [0.5889198313377413, 0.7814495116101705, 0.5889198313377413], [0.6434198909446506, 0.038250990934748375, 0.6434198909446506], [0.038250990934748375, 0.3565801090553493, 0.3565801090553493], [0.7814495116101705, 0.5889198313377413, 0.5889198313377413], [0.3565801090553493, 0.3565801090553493, 0.038250990934748375], [0.4617490090652516, 0.14341989094465069, 0.8565801090553494], [0.9617490090652516, 0.3565801090553493, 0.6434198909446506], [0.038250990934748375, 0.6434198909446506, 0.6434198909446506], [0.14341989094465069, 0.14341989094465069, 0.5382509909347484], [0.6434198909446506, 0.3565801090553493, 0.9617490090652516], [0.3565801090553493, 0.9617490090652516, 0.6434198909446506], [0.14341989094465069, 0.4617490090652516, 0.8565801090553494], [0.3565801090553493, 0.038250990934748375, 0.3565801090553493], [0.6813907319434099, 0.31860926805658996, 0.6813907319434099], [0.3186092680565902, 0.68139073194341, 0.6813907319434099], [0.18139073194341004, 0.18139073194340982, 0.8186092680565901], [0.31860926805658996, 0.3186092680565902, 0.3186092680565902], [0.3565801090553493, 0.6434198909446506, 0.9617490090652516], [0.4110801686622587, 0.7814495116101705, 0.4110801686622587]], "elements": ["Mn", "Mn", "Mn", "Mn", "Mn", "Mn", "Mn", "Mn", "Mn", "Mn", "Mn", "Mn", "Mn", "Mn", "Mn", "Mn", "Mn", "Mn", "Mn", "Mn", "Mn", "Mn", "Mn", "Mn", "Mn", "Mn", "Mn", "Mn", "Mn", "Mn", "Mn", "Mn", "Mn", "Mn", "Mn", "Mn", "Mn", "Mn", "Mn", "Mn", "Mn", "Mn", "Mn", "Mn", "Mn", "Mn", "Mn", "Mn", "Mn", "Mn", "Mn", "Mn", "Mn", "Mn", "Mn", "Mn", "Mn"], "abc": [8.55389, 8.55389, 8.55389], "angles": [90.0, 90.0, 90.0], "cartesian": false, "props": ["g", "g", "g", "g", "g", "g", "g", "g", "g", "g", "g", "g", "g", "g", "g", "g", "g", "g", "g", "g", "g", "g", "c", "c", "c", "c", "g", "g", "a", "g", "g", "g", "g", "g", "g", "g", "g", "g", "g", "g", "g", "g", "g", "g", "g", "g", "g", "g", "g", "g", "g", "c", "c", "c", "c", "g", "g"]}}