{"name": "JVASP-828_B_B_h", "def_en": 4.437436668983719, "energy": -993.2691351314812, "perf_atoms": {"directgap": 1.5945726866408256, "indirectgap": 1.4396871891813654, "energy": -1004.6835411348917, "force": "na", "stress": "na"}, "defect_atoms": {"lattice_mat": [[4.90996, -8.5043, 0.0], [4.90996, 8.5043, 0.0], [0.0, 0.0, 12.52827]], "coords": [[0.05922220824873581, 0.4407777917512642, 0.8913595434432888], [0.05922220824873581, 0.9407777917512642, 0.8913595434432888], [0.5592222082487358, 0.4407777917512642, 0.8913595434432888], [0.5592222082487358, 0.9407777917512642, 0.8913595434432888], [0.05922220824873581, 0.11844441649747162, 0.8913595434432888], [0.05922220824873581, 0.6184444164974716, 0.8913595434432888], [0.5592222082487358, 0.11844441649747162, 0.8913595434432888], [0.5592222082487358, 0.6184444164974716, 0.8913595434432888], [0.3815555835025284, 0.4407777917512642, 0.8913595434432888], [0.3815555835025284, 0.9407777917512642, 0.8913595434432888], [0.8815555835025284, 0.4407777917512642, 0.8913595434432888], [0.8815555835025284, 0.9407777917512642, 0.8913595434432888], [0.28511108316413825, 0.3925555415820691, 0.7753071232233778], [0.28511108316413825, 0.8925555415820692, 0.7753071232233778], [0.7851110831641382, 0.3925555415820691, 0.7753071232233778], [0.7851110831641382, 0.8925555415820692, 0.7753071232233778], [0.10744445841793085, 0.3925555415820691, 0.7753071232233778], [0.10744445841793085, 0.8925555415820692, 0.7753071232233778], [0.6074444584179308, 0.3925555415820691, 0.7753071232233778], [0.6074444584179308, 0.8925555415820692, 0.7753071232233778], [0.10744445841793082, 0.21488891683586164, 0.7753071232233778], [0.10744445841793082, 0.7148889168358616, 0.7753071232233778], [0.6074444584179308, 0.21488891683586164, 0.7753071232233778], [0.6074444584179308, 0.7148889168358616, 0.7753071232233778], [0.26484183461037625, 0.23515816538962375, 0.6909540992897468], [0.26484183461037625, 0.7351581653896238, 0.6909540992897468], [0.7648418346103762, 0.23515816538962375, 0.6909540992897468], [0.7648418346103762, 0.7351581653896238, 0.6909540992897468], [0.26484183461037625, 0.029683669220752495, 0.6909540992897468], [0.26484183461037625, 0.5296836692207525, 0.6909540992897468], [0.7648418346103762, 0.029683669220752495, 0.6909540992897468], [0.7648418346103762, 0.5296836692207525, 0.6909540992897468], [0.4703163307792475, 0.23515816538962375, 0.6909540992897468], [0.4703163307792475, 0.7351581653896238, 0.6909540992897468], [0.9703163307792475, 0.23515816538962375, 0.6909540992897468], [0.9703163307792475, 0.7351581653896238, 0.6909540992897468], [0.19635033588741915, 0.09817516794370951, 0.9757125673769198], [0.19635033588741915, 0.5981751679437095, 0.9757125673769198], [0.6963503358874191, 0.09817516794370951, 0.9757125673769198], [0.6963503358874191, 0.5981751679437095, 0.9757125673769198], [0.4018248320562904, 0.09817516794370956, 0.9757125673769198], [0.4018248320562904, 0.5981751679437095, 0.9757125673769198], [0.9018248320562904, 0.09817516794370956, 0.9757125673769198], [0.9018248320562904, 0.5981751679437095, 0.9757125673769198], [0.4018248320562904, 0.3036496641125808, 0.9757125673769198], [0.4018248320562904, 0.8036496641125808, 0.9757125673769198], [0.9018248320562904, 0.3036496641125808, 0.9757125673769198], [0.9018248320562904, 0.8036496641125808, 0.9757125673769198], [0.3925555415820691, 0.10744445841793082, 0.22469287677662209], [0.3925555415820691, 0.6074444584179308, 0.22469287677662209], [0.8925555415820692, 0.10744445841793082, 0.22469287677662209], [0.8925555415820692, 0.6074444584179308, 0.22469287677662209], [0.3925555415820691, 0.28511108316413825, 0.22469287677662209], [0.3925555415820691, 0.7851110831641382, 0.22469287677662209], [0.8925555415820692, 0.28511108316413825, 0.22469287677662209], [0.8925555415820692, 0.7851110831641382, 0.22469287677662209], [0.21488891683586164, 0.10744445841793082, 0.22469287677662209], [0.21488891683586164, 0.6074444584179308, 0.22469287677662209], [0.7148889168358616, 0.10744445841793082, 0.22469287677662209], [0.7148889168358616, 0.6074444584179308, 0.22469287677662209], [0.11844441649747162, 0.05922220824873581, 0.10864045655671117], [0.11844441649747162, 0.5592222082487358, 0.10864045655671117], [0.6184444164974716, 0.05922220824873581, 0.10864045655671117], [0.6184444164974716, 0.5592222082487358, 0.10864045655671117], [0.4407777917512642, 0.05922220824873581, 0.10864045655671117], [0.4407777917512642, 0.5592222082487358, 0.10864045655671117], [0.9407777917512642, 0.05922220824873581, 0.10864045655671117], [0.9407777917512642, 0.5592222082487358, 0.10864045655671117], [0.44077779175126414, 0.3815555835025283, 0.10864045655671117], [0.44077779175126414, 0.8815555835025283, 0.10864045655671117], [0.9407777917512641, 0.3815555835025283, 0.10864045655671117], [0.9407777917512641, 0.8815555835025283, 0.10864045655671117], [0.09817516794370951, 0.4018248320562904, 0.024287432623080196], [0.09817516794370951, 0.9018248320562904, 0.024287432623080196], [0.5981751679437095, 0.4018248320562904, 0.024287432623080196], [0.5981751679437095, 0.9018248320562904, 0.024287432623080196], [0.09817516794370951, 0.19635033588741915, 0.024287432623080196], [0.09817516794370951, 0.6963503358874191, 0.024287432623080196], [0.5981751679437095, 0.19635033588741915, 0.024287432623080196], [0.5981751679437095, 0.6963503358874191, 0.024287432623080196], [0.30364966411258076, 0.4018248320562904, 0.024287432623080196], [0.30364966411258076, 0.9018248320562904, 0.024287432623080196], [0.8036496641125808, 0.4018248320562904, 0.024287432623080196], [0.029683669220752495, 0.26484183461037614, 0.30904590071025306], [0.029683669220752495, 0.7648418346103761, 0.30904590071025306], [0.5296836692207525, 0.26484183461037614, 0.30904590071025306], [0.5296836692207525, 0.7648418346103761, 0.30904590071025306], [0.23515816538962375, 0.26484183461037625, 0.30904590071025306], [0.23515816538962375, 0.7648418346103762, 0.30904590071025306], [0.7351581653896238, 0.26484183461037625, 0.30904590071025306], [0.7351581653896238, 0.7648418346103762, 0.30904590071025306], [0.23515816538962375, 0.4703163307792475, 0.30904590071025306], [0.23515816538962375, 0.9703163307792475, 0.30904590071025306], [0.7351581653896238, 0.4703163307792475, 0.30904590071025306], [0.7351581653896238, 0.9703163307792475, 0.30904590071025306], [0.22588887491540247, 0.27411112508459756, 0.5580262101099556], [0.22588887491540247, 0.7741111250845976, 0.5580262101099556], [0.7258888749154024, 0.27411112508459756, 0.5580262101099556], [0.7258888749154024, 0.7741111250845976, 0.5580262101099556], [0.22588887491540247, 0.45177774983080493, 0.5580262101099556], [0.22588887491540247, 0.9517777498308049, 0.5580262101099556], [0.7258888749154024, 0.45177774983080493, 0.5580262101099556], [0.7258888749154024, 0.9517777498308049, 0.5580262101099556], [0.04822225016919501, 0.27411112508459756, 0.5580262101099556], [0.04822225016919501, 0.7741111250845976, 0.5580262101099556], [0.548222250169195, 0.27411112508459756, 0.5580262101099556], [0.548222250169195, 0.7741111250845976, 0.5580262101099556], [0.4517777498308049, 0.22588887491540244, 0.44197378989004443], [0.4517777498308049, 0.7258888749154024, 0.44197378989004443], [0.9517777498308049, 0.22588887491540244, 0.44197378989004443], [0.9517777498308049, 0.7258888749154024, 0.44197378989004443], [0.2741111250845975, 0.22588887491540244, 0.44197378989004443], [0.2741111250845975, 0.7258888749154024, 0.44197378989004443], [0.7741111250845976, 0.22588887491540244, 0.44197378989004443], [0.7741111250845976, 0.7258888749154024, 0.44197378989004443], [0.27411112508459745, 0.0482222501691949, 0.44197378989004443], [0.27411112508459745, 0.5482222501691949, 0.44197378989004443], [0.7741111250845975, 0.0482222501691949, 0.44197378989004443], [0.7741111250845975, 0.5482222501691949, 0.44197378989004443], [0.4315085012770429, 0.06849149872295701, 0.35762076595641346], [0.4315085012770429, 0.568491498722957, 