{"name": "JVASP-14837_V_V_a", "def_en": 2.785758861794749, "energy": -455.30478906453385, "perf_atoms": {"directgap": 0.0, "indirectgap": -0.13293474626009047, "energy": -466.7377864028142, "force": "na", "stress": "na"}, "defect_atoms": {"lattice_mat": [[8.9655, 0.0, 0.0], [0.0, 8.9655, 0.0], [0.0, 0.0, 8.9655]], "coords": [[0.0, 0.0, 0.0], [0.0, 0.0, 0.3333333333333333], [0.0, 0.0, 0.6666666666666666], [0.0, 0.3333333333333333, 0.0], [0.0, 0.3333333333333333, 0.3333333333333333], [0.0, 0.3333333333333333, 0.6666666666666666], [0.0, 0.6666666666666666, 0.0], [0.0, 0.6666666666666666, 0.3333333333333333], [0.0, 0.6666666666666666, 0.6666666666666666], [0.3333333333333333, 0.0, 0.0], [0.3333333333333333, 0.0, 0.3333333333333333], [0.3333333333333333, 0.0, 0.6666666666666666], [0.3333333333333333, 0.3333333333333333, 0.0], [0.3333333333333333, 0.3333333333333333, 0.3333333333333333], [0.3333333333333333, 0.3333333333333333, 0.6666666666666666], [0.3333333333333333, 0.6666666666666666, 0.0], [0.3333333333333333, 0.6666666666666666, 0.3333333333333333], [0.3333333333333333, 0.6666666666666666, 0.6666666666666666], [0.6666666666666666, 0.0, 0.0], [0.6666666666666666, 0.0, 0.3333333333333333], [0.6666666666666666, 0.0, 0.6666666666666666], [0.6666666666666666, 0.3333333333333333, 0.0], [0.6666666666666666, 0.3333333333333333, 0.3333333333333333], [0.6666666666666666, 0.6666666666666666, 0.0], [0.6666666666666666, 0.6666666666666666, 0.3333333333333333], [0.6666666666666666, 0.6666666666666666, 0.6666666666666666], [0.16666666666666666, 0.16666666666666666, 0.16666666666666666], [0.16666666666666666, 0.16666666666666666, 0.5], [0.16666666666666666, 0.16666666666666666, 0.8333333333333334], [0.16666666666666666, 0.5, 0.16666666666666666], [0.16666666666666666, 0.5, 0.5], [0.16666666666666666, 0.5, 0.8333333333333334], [0.16666666666666666, 0.8333333333333334, 0.16666666666666666], [0.16666666666666666, 0.8333333333333334, 0.5], [0.16666666666666666, 0.8333333333333334, 0.8333333333333334], [0.5, 0.16666666666666666, 0.16666666666666666], [0.5, 0.16666666666666666, 0.5], [0.5, 0.16666666666666666, 0.8333333333333334], [0.5, 0.5, 0.16666666666666666], [0.5, 0.5, 0.5], [0.5, 0.5, 0.8333333333333334], [0.5, 0.8333333333333334, 0.16666666666666666], [0.5, 0.8333333333333334, 0.5], [0.5, 0.8333333333333334, 0.8333333333333334], [0.8333333333333334, 0.16666666666666666, 0.16666666666666666], [0.8333333333333334, 0.16666666666666666, 0.5], [0.8333333333333334, 0.16666666666666666, 0.8333333333333334], [0.8333333333333334, 0.5, 0.16666666666666666], [0.8333333333333334, 0.5, 0.5], [0.8333333333333334, 0.5, 0.8333333333333334], [0.8333333333333334, 0.8333333333333334, 0.16666666666666666], [0.8333333333333334, 0.8333333333333334, 0.5], [0.8333333333333334, 0.8333333333333334, 0.8333333333333334]], "elements": ["V", "V", "V", "V", "V", "V", "V", "V", "V", "V", "V", "V", "V", "V", "V", "V", "V", "V", "V", "V", "V", "V", "V", "V", "V", "V", "V", "V", "V", "V", "V", "V", "V", "V", "V", "V", "V", "V", "V", "V", "V", "V", "V", "V", "V", "V", "V", "V", "V", "V", "V", "V", "V"], "abc": [8.9655, 8.9655, 8.9655], "angles": [90.0, 90.0, 90.0], "cartesian": false, "props": ["a", "a", "a", "a", "a", "a", "a", "a", "a", "a", "a", "a", "a", "a", "a", "a", "a", "a", "a", "a", "a", "a", "a", "a", "a", "a", "a", "a", "a", "a", "a", "a", "a", "a", "a", "a", "a", "a", "a", "a", "a", "a", "a", "a", "a", "a", "a", "a", "a", "a", "a", "a", "a"]}}