{"name": "JVASP-14612_Zr_Zr_d", "def_en": 2.4019254427414296, "energy": -125.83580342791517, "perf_atoms": {"directgap": 1.510535925886014e-15, "indirectgap": -0.11230450201535842, "energy": -135.78359809308208, "force": "na", "stress": "na"}, "defect_atoms": {"lattice_mat": [[4.82943, -8.364809999999999, 0.0], [4.82943, 8.364809999999999, 0.0], [0.0, 0.0, 5.18055]], "coords": [[0.2222222222222222, 0.1111111111111111, 0.25], [0.2222222222222222, 0.4444444444444444, 0.25], [0.2222222222222222, 0.7777777777777778, 0.25], [0.5555555555555555, 0.4444444444444444, 0.25], [0.5555555555555555, 0.7777777777777778, 0.25], [0.8888888888888888, 0.1111111111111111, 0.25], [0.8888888888888888, 0.4444444444444444, 0.25], [0.8888888888888888, 0.7777777777777778, 0.25], [0.11111111111111112, 0.22222222222222224, 0.75], [0.11111111111111112, 0.5555555555555556, 0.75], [0.11111111111111112, 0.888888888888889, 0.75], [0.4444444444444445, 0.22222222222222224, 0.75], [0.4444444444444445, 0.5555555555555556, 0.75], [0.4444444444444445, 0.888888888888889, 0.75], [0.7777777777777778, 0.22222222222222224, 0.75], [0.7777777777777778, 0.5555555555555556, 0.75], [0.7777777777777778, 0.888888888888889, 0.75]], "elements": ["Zr", "Zr", "Zr", "Zr", "Zr", "Zr", "Zr", "Zr", "Zr", "Zr", "Zr", "Zr", "Zr", "Zr", "Zr", "Zr", "Zr"], "abc": [9.658853, 9.658853, 5.18055], "angles": [90.0, 90.0, 120.0], "cartesian": false, "props": ["d", "d", "d", "d", "d", "d", "d", "d", "d", "d", "d", "d", "d", "d", "d", "d", "d"]}}