{"name": "JVASP-21195_Mo_Mo_a", "def_en": 2.670394713394332, "energy": -592.2505892080433, "perf_atoms": {"directgap": 1.5331939647743044e-13, "indirectgap": -0.6026257147421732, "energy": -606.1396262702777, "force": "na", "stress": "na"}, "defect_atoms": {"lattice_mat": [[9.48744, 0.0, 0.0], [0.0, 9.48744, 0.0], [0.0, 0.0, 9.48744]], "coords": [[0.0, 0.0, 0.0], [0.0, 0.0, 0.3333333333333333], [0.0, 0.0, 0.6666666666666666], [0.0, 0.3333333333333333, 0.0], [0.0, 0.3333333333333333, 0.3333333333333333], [0.0, 0.3333333333333333, 0.6666666666666666], [0.0, 0.6666666666666666, 0.0], [0.0, 0.6666666666666666, 0.3333333333333333], [0.0, 0.6666666666666666, 0.6666666666666666], [0.3333333333333333, 0.0, 0.0], [0.3333333333333333, 0.0, 0.3333333333333333], [0.3333333333333333, 0.0, 0.6666666666666666], [0.3333333333333333, 0.3333333333333333, 0.0], [0.3333333333333333, 0.3333333333333333, 0.3333333333333333], [0.3333333333333333, 0.3333333333333333, 0.6666666666666666], [0.3333333333333333, 0.6666666666666666, 0.0], [0.3333333333333333, 0.6666666666666666, 0.3333333333333333], [0.3333333333333333, 0.6666666666666666, 0.6666666666666666], [0.6666666666666666, 0.0, 0.0], [0.6666666666666666, 0.0, 0.3333333333333333], [0.6666666666666666, 0.0, 0.6666666666666666], [0.6666666666666666, 0.3333333333333333, 0.0], [0.6666666666666666, 0.3333333333333333, 0.3333333333333333], [0.6666666666666666, 0.3333333333333333, 0.6666666666666666], [0.6666666666666666, 0.6666666666666666, 0.0], [0.6666666666666666, 0.6666666666666666, 0.3333333333333333], [0.6666666666666666, 0.6666666666666666, 0.6666666666666666], [0.16666666666666666, 0.16666666666666666, 0.5], [0.16666666666666666, 0.16666666666666666, 0.8333333333333334], [0.16666666666666666, 0.5, 0.16666666666666666], [0.16666666666666666, 0.5, 0.5], [0.16666666666666666, 0.5, 0.8333333333333334], [0.16666666666666666, 0.8333333333333334, 0.16666666666666666], [0.16666666666666666, 0.8333333333333334, 0.5], [0.16666666666666666, 0.8333333333333334, 0.8333333333333334], [0.5, 0.16666666666666666, 0.16666666666666666], [0.5, 0.16666666666666666, 0.5], [0.5, 0.16666666666666666, 0.8333333333333334], [0.5, 0.5, 0.16666666666666666], [0.5, 0.5, 0.5], [0.5, 0.5, 0.8333333333333334], [0.5, 0.8333333333333334, 0.16666666666666666], [0.5, 0.8333333333333334, 0.5], [0.5, 0.8333333333333334, 0.8333333333333334], [0.8333333333333334, 0.16666666666666666, 0.16666666666666666], [0.8333333333333334, 0.16666666666666666, 0.5], [0.8333333333333334, 0.16666666666666666, 0.8333333333333334], [0.8333333333333334, 0.5, 0.16666666666666666], [0.8333333333333334, 0.5, 0.5], [0.8333333333333334, 0.5, 0.8333333333333334], [0.8333333333333334, 0.8333333333333334, 0.16666666666666666], [0.8333333333333334, 0.8333333333333334, 0.5], [0.8333333333333334, 0.8333333333333334, 0.8333333333333334]], "elements": ["Mo", "Mo", "Mo", "Mo", "Mo", "Mo", "Mo", "Mo", "Mo", "Mo", "Mo", "Mo", "Mo", "Mo", "Mo", "Mo", "Mo", "Mo", "Mo", "Mo", "Mo", "Mo", "Mo", "Mo", "Mo", "Mo", "Mo", "Mo", "Mo", "Mo", "Mo", "Mo", "Mo", "Mo", "Mo", "Mo", "Mo", "Mo", "Mo", "Mo", "Mo", "Mo", "Mo", "Mo", "Mo", "Mo", "Mo", "Mo", "Mo", "Mo", "Mo", "Mo", "Mo"], "abc": [9.48744, 9.48744, 9.48744], "angles": [90.0, 90.0, 90.0], "cartesian": false, "props": ["a", "a", "a", "a", "a", "a", "a", "a", "a", "a", "a", "a", "a", "a", "a", "a", "a", "a", "a", "a", "a", "a", "a", "a", "a", "a", "a", "a", "a", "a", "a", "a", "a", "a", "a", "a", "a", "a", "a", "a", "a", "a", "a", "a", "a", "a", "a", "a", "a", "a", "a", "a", "a"]}}