{"name": "JVASP-25379_H_H_f", "def_en": 3.331195523546775, "energy": -199.06306982907074, "perf_atoms": {"directgap": 12.958051701851875, "indirectgap": 12.958051701851875, "energy": -205.60680232301783, "force": "na", "stress": "na"}, "defect_atoms": {"lattice_mat": [[9.56514, 0.0, 0.0], [0.0, 9.76192, 0.0], [0.0, 0.0, 8.26142]], "coords": [[0.27570288768046447, 0.25, 0.03435484336370215], [0.27570288768046447, 0.25, 0.5343548433637022], [0.27570288768046447, 0.75, 0.03435484336370215], [0.27570288768046447, 0.75, 0.5343548433637022], [0.7757028876804645, 0.25, 0.03435484336370215], [0.7757028876804645, 0.25, 0.5343548433637022], [0.7757028876804645, 0.75, 0.03435484336370215], [0.7757028876804645, 0.75, 0.5343548433637022], [0.02570288768046447, 0.25, 0.21564515663629785], [0.02570288768046447, 0.25, 0.7156451566362978], [0.02570288768046447, 0.75, 0.21564515663629785], [0.02570288768046447, 0.75, 0.7156451566362978], [0.5257028876804645, 0.25, 0.21564515663629785], [0.5257028876804645, 0.25, 0.7156451566362978], [0.5257028876804645, 0.75, 0.21564515663629785], [0.5257028876804645, 0.75, 0.7156451566362978], [0.47429711231953553, 0.25, 0.28435484336370215], [0.47429711231953553, 0.25, 0.7843548433637022], [0.47429711231953553, 0.75, 0.28435484336370215], [0.47429711231953553, 0.75, 0.7843548433637022], [0.9742971123195355, 0.25, 0.28435484336370215], [0.9742971123195355, 0.25, 0.7843548433637022], [0.9742971123195355, 0.75, 0.28435484336370215], [0.9742971123195355, 0.75, 0.7843548433637022], [0.22429711231953553, 0.25, 0.46564515663629785], [0.22429711231953553, 0.25, 0.9656451566362978], [0.22429711231953553, 0.75, 0.46564515663629785], [0.22429711231953553, 0.75, 0.9656451566362978], [0.7242971123195355, 0.25, 0.46564515663629785], [0.7242971123195355, 0.25, 0.9656451566362978], [0.7242971123195355, 0.75, 0.46564515663629785], [0.7242971123195355, 0.75, 0.9656451566362978], [0.02570288768046447, 0.0, 0.03435484336370215], [0.02570288768046447, 0.0, 0.5343548433637022], [0.02570288768046447, 0.5, 0.03435484336370215], [0.02570288768046447, 0.5, 0.5343548433637022], [0.5257028876804645, 0.0, 0.03435484336370215], [0.5257028876804645, 0.5, 0.03435484336370215], [0.5257028876804645, 0.5, 0.5343548433637022], [0.27570288768046447, 0.0, 0.21564515663629785], [0.27570288768046447, 0.0, 0.7156451566362978], [0.27570288768046447, 0.5, 0.21564515663629785], [0.27570288768046447, 0.5, 0.7156451566362978], [0.7757028876804645, 0.0, 0.21564515663629785], [0.7757028876804645, 0.0, 0.7156451566362978], [0.7757028876804645, 0.5, 0.21564515663629785], [0.7757028876804645, 0.5, 0.7156451566362978], [0.22429711231953553, 0.0, 0.28435484336370215], [0.22429711231953553, 0.0, 0.7843548433637022], [0.22429711231953553, 0.5, 0.28435484336370215], [0.22429711231953553, 0.5, 0.7843548433637022], [0.7242971123195355, 0.0, 0.28435484336370215], [0.7242971123195355, 0.0, 0.7843548433637022], [0.7242971123195355, 0.5, 0.28435484336370215], [0.7242971123195355, 0.5, 0.7843548433637022], [0.47429711231953553, 0.0, 0.46564515663629785], [0.47429711231953553, 0.0, 0.9656451566362978], [0.47429711231953553, 0.5, 0.46564515663629785], [0.47429711231953553, 0.5, 0.9656451566362978], [0.9742971123195355, 0.0, 0.46564515663629785], [0.9742971123195355, 0.0, 0.9656451566362978], [0.9742971123195355, 0.5, 0.46564515663629785], [0.9742971123195355, 0.5, 0.9656451566362978]], "elements": ["H", "H", "H", "H", "H", "H", "H", "H", "H", "H", "H", "H", "H", "H", "H", "H", "H", "H", "H", "H", "H", "H", "H", "H", "H", "H", "H", "H", "H", "H", "H", "H", "H", "H", "H", "H", "H", "H", "H", "H", "H", "H", "H", "H", "H", "H", "H", "H", "H", "H", "H", "H", "H", "H", "H", "H", "H", "H", "H", "H", "H", "H", "H"], "abc": [9.56514, 9.76192, 8.26142], "angles": [90.0, 90.0, 90.0], "cartesian": false, "props": ["f", "f", "f", "f", "f", "f", "f", "f", "f", "f", "f", "f", "f", "f", "f", "f", "f", "f", "f", "f", "f", "f", "f", "f", "f", "f", "f", "f", "f", "f", "f", "f", "f", "f", "f", "f", "f", "f", "f", "f", "f", "f", "f", "f", "f", "f", "f", "f", "f", "f", "f", "f", "f", "f", "f", "f", "f", "f", "f", "f", "f", "f", "f"]}}