{"name": "JVASP-25144_P_P_f", "def_en": 2.2182867352012794, "energy": -166.28408335532538, "perf_atoms": {"directgap": 0.15324772067994802, "indirectgap": 0.06435400401066996, "energy": -173.93811937592642, "force": "na", "stress": "na"}, "defect_atoms": {"lattice_mat": [[6.68248, 0.0, 0.0], [0.0, 10.71285, 0.0], [0.0, 0.0, 8.93728]], "coords": [[0.0, 0.39924781384504365, 0.04107710657399599], [0.5, 0.39924781384504365, 0.04107710657399599], [0.5, 0.39924781384504365, 0.541077106573996], [0.25, 0.10075218615495635, 0.458922893426004], [0.25, 0.10075218615495635, 0.958922893426004], [0.75, 0.10075218615495635, 0.458922893426004], [0.75, 0.10075218615495635, 0.958922893426004], [0.0, 0.10075218615495635, 0.291077106573996], [0.0, 0.10075218615495635, 0.791077106573996], [0.5, 0.10075218615495635, 0.291077106573996], [0.5, 0.10075218615495635, 0.791077106573996], [0.25, 0.39924781384504365, 0.208922893426004], [0.25, 0.39924781384504365, 0.708922893426004], [0.75, 0.39924781384504365, 0.208922893426004], [0.75, 0.39924781384504365, 0.708922893426004], [0.25, 0.8992478138450437, 0.04107710657399599], [0.25, 0.8992478138450437, 0.541077106573996], [0.75, 0.8992478138450437, 0.04107710657399599], [0.75, 0.8992478138450437, 0.541077106573996], [0.0, 0.6007521861549563, 0.458922893426004], [0.0, 0.6007521861549563, 0.958922893426004], [0.5, 0.6007521861549563, 0.458922893426004], [0.5, 0.6007521861549563, 0.958922893426004], [0.25, 0.6007521861549563, 0.291077106573996], [0.25, 0.6007521861549563, 0.791077106573996], [0.75, 0.6007521861549563, 0.291077106573996], [0.75, 0.6007521861549563, 0.791077106573996], [0.0, 0.8992478138450437, 0.208922893426004], [0.0, 0.8992478138450437, 0.708922893426004], [0.5, 0.8992478138450437, 0.208922893426004], [0.5, 0.8992478138450437, 0.708922893426004]], "elements": ["P", "P", "P", "P", "P", "P", "P", "P", "P", "P", "P", "P", "P", "P", "P", "P", "P", "P", "P", "P", "P", "P", "P", "P", "P", "P", "P", "P", "P", "P", "P"], "abc": [6.68248, 10.71285, 8.93728], "angles": [90.0, 90.0, 90.0], "cartesian": false, "props": ["f", "f", "f", "f", "f", "f", "f", "f", "f", "f", "f", "f", "f", "f", "f", "f", "f", "f", "f", "f", "f", "f", "f", "f", "f", "f", "f", "f", "f", "f", "f"]}}