{"name": "JVASP-858_Co_Co_c", "def_en": 1.8251330021405288, "energy": -452.97640322020317, "perf_atoms": {"directgap": 4.1029370391829014e-05, "indirectgap": -0.15297949077678583, "energy": -462.01976882541516, "force": "na", "stress": "na"}, "defect_atoms": {"lattice_mat": [[4.97584, -8.6184, 0.0], [4.97584, 8.6184, 0.0], [0.0, 0.0, 8.04336]], "coords": [[0.08333333333333333, 0.16666666666666666, 0.125], [0.08333333333333333, 0.16666666666666666, 0.625], [0.08333333333333333, 0.41666666666666663, 0.125], [0.08333333333333333, 0.41666666666666663, 0.625], [0.08333333333333333, 0.6666666666666666, 0.125], [0.08333333333333333, 0.6666666666666666, 0.625], [0.08333333333333333, 0.9166666666666666, 0.125], [0.08333333333333333, 0.9166666666666666, 0.625], [0.3333333333333333, 0.16666666666666666, 0.125], [0.3333333333333333, 0.16666666666666666, 0.625], [0.3333333333333333, 0.41666666666666663, 0.125], [0.3333333333333333, 0.41666666666666663, 0.625], [0.3333333333333333, 0.6666666666666666, 0.125], [0.3333333333333333, 0.6666666666666666, 0.625], [0.3333333333333333, 0.9166666666666666, 0.125], [0.3333333333333333, 0.9166666666666666, 0.625], [0.5833333333333334, 0.16666666666666666, 0.125], [0.5833333333333334, 0.16666666666666666, 0.625], [0.5833333333333334, 0.41666666666666663, 0.125], [0.5833333333333334, 0.41666666666666663, 0.625], [0.5833333333333334, 0.6666666666666666, 0.125], [0.5833333333333334, 0.6666666666666666, 0.625], [0.5833333333333334, 0.9166666666666666, 0.125], [0.5833333333333334, 0.9166666666666666, 0.625], [0.8333333333333334, 0.16666666666666666, 0.125], [0.8333333333333334, 0.16666666666666666, 0.625], [0.8333333333333334, 0.41666666666666663, 0.125], [0.8333333333333334, 0.41666666666666663, 0.625], [0.8333333333333334, 0.6666666666666666, 0.125], [0.8333333333333334, 0.6666666666666666, 0.625], [0.8333333333333334, 0.9166666666666666, 0.125], [0.8333333333333334, 0.9166666666666666, 0.625], [0.16666666666666669, 0.08333333333333334, 0.375], [0.16666666666666669, 0.08333333333333334, 0.875], [0.16666666666666669, 0.33333333333333337, 0.375], [0.16666666666666669, 0.33333333333333337, 0.875], [0.16666666666666669, 0.5833333333333334, 0.375], [0.16666666666666669, 0.5833333333333334, 0.875], [0.16666666666666669, 0.8333333333333334, 0.375], [0.16666666666666669, 0.8333333333333334, 0.875], [0.4166666666666667, 0.08333333333333334, 0.375], [0.4166666666666667, 0.08333333333333334, 0.875], [0.4166666666666667, 0.33333333333333337, 0.375], [0.4166666666666667, 0.33333333333333337, 0.875], [0.4166666666666667, 0.5833333333333334, 0.375], [0.4166666666666667, 0.5833333333333334, 0.875], [0.4166666666666667, 0.8333333333333334, 0.375], [0.4166666666666667, 0.8333333333333334, 0.875], [0.6666666666666667, 0.08333333333333334, 0.375], [0.6666666666666667, 0.08333333333333334, 0.875], [0.6666666666666667, 0.33333333333333337, 0.375], [0.6666666666666667, 0.33333333333333337, 0.875], [0.6666666666666667, 0.5833333333333334, 0.375], [0.6666666666666667, 0.8333333333333334, 0.375], [0.6666666666666667, 0.8333333333333334, 0.875], [0.9166666666666667, 0.08333333333333334, 0.375], [0.9166666666666667, 0.08333333333333334, 0.875], [0.9166666666666667, 0.33333333333333337, 0.375], [0.9166666666666667, 0.33333333333333337, 0.875], [0.9166666666666667, 0.5833333333333334, 0.375], [0.9166666666666667, 0.5833333333333334, 0.875], [0.9166666666666667, 0.8333333333333334, 0.375], [0.9166666666666667, 0.8333333333333334, 0.875]], "elements": ["Co", "Co", "Co", "Co", "Co", "Co", "Co", "Co", "Co", "Co", "Co", "Co", "Co", "Co", "Co", "Co", "Co", "Co", "Co", "Co", "Co", "Co", "Co", "Co", "Co", "Co", "Co", "Co", "Co", "Co", "Co", "Co", "Co", "Co", "Co", "Co", "Co", "Co", "Co", "Co", "Co", "Co", "Co", "Co", "Co", "Co", "Co", "Co", "Co", "Co", "Co", "Co", "Co", "Co", "Co", "Co", "Co", "Co", "Co", "Co", "Co", "Co", "Co"], "abc": [9.951673, 9.951673, 8.04336], "angles": [90.0, 90.0, 120.0], "cartesian": false, "props": ["c", "c", "c", "c", "c", "c", "c", "c", "c", "c", "c", "c", "c", "c", "c", "c", "c", "c", "c", "c", "c", "c", "c", "c", "c", "c", "c", "c", "c", "c", "c", "c", "c", "c", "c", "c", "c", "c", "c", "c", "c", "c", "c", "c", "c", "c", "c", "c", "c", "c", "c", "c", "c", "c", "c", "c", "c", "c", "c", "c", "c", "c", "c"]}}