{"name": "JVASP-1002_Si_Si_b", "def_en": 3.3733636933568407, "energy": -35.51197929014212, "perf_atoms": {"directgap": 1.0612193616730607, "indirectgap": 0.3280652656264309, "energy": -44.439862642775026, "force": "na", "stress": "na"}, "defect_atoms": {"lattice_mat": [[5.49363, 0.0, 0.0], [0.0, 5.49363, 0.0], [0.0, 0.0, 5.49363]], "coords": [[0.25, 0.75, 0.25], [0.0, 0.0, 0.5], [0.25, 0.25, 0.75], [0.0, 0.5, 0.0], [0.5, 0.0, 0.0], [0.75, 0.25, 0.25], [0.5, 0.5, 0.5]], "elements": ["Si", "Si", "Si", "Si", "Si", "Si", "Si"], "abc": [5.49363, 5.49363, 5.49363], "angles": [90.0, 90.0, 90.0], "cartesian": false, "props": ["b", "b", "b", "b", "b", "b", "b"]}}