{"name": "JVASP-25114_K_K_a", "def_en": 0.28364385006688586, "energy": -2.7874311987626417, "perf_atoms": {"directgap": 0.0, "indirectgap": -0.31007025154923856, "energy": -4.102846476140332, "force": "na", "stress": "na"}, "defect_atoms": {"lattice_mat": [[6.55077, 0.0, 0.0], [0.0, 6.55077, 0.0], [0.0, 0.0, 6.55077]], "coords": [[0.0, 0.5, 0.5], [0.5, 0.0, 0.5], [0.5, 0.5, 0.0]], "elements": ["K", "K", "K"], "abc": [6.55077, 6.55077, 6.55077], "angles": [90.0, 90.0, 90.0], "cartesian": false, "props": ["a", "a", "a"]}}