{"name": "JVASP-919_Mg_Mg_c", "def_en": 0.8361667313707786, "energy": -28.009127658519187, "perf_atoms": {"directgap": 3.3987058332435317e-15, "indirectgap": -0.3419020541520414, "energy": -30.54207646377788, "force": "na", "stress": "na"}, "defect_atoms": {"lattice_mat": [[4.768470000000001, -8.25924, 0.0], [4.768470000000001, 8.25924, 0.0], [0.0, 0.0, 5.17076]], "coords": [[0.2222222222222222, 0.1111111111111111, 0.75], [0.2222222222222222, 0.4444444444444444, 0.75], [0.2222222222222222, 0.7777777777777778, 0.75], [0.5555555555555555, 0.1111111111111111, 0.75], [0.5555555555555555, 0.4444444444444444, 0.75], [0.8888888888888888, 0.1111111111111111, 0.75], [0.8888888888888888, 0.4444444444444444, 0.75], [0.8888888888888888, 0.7777777777777778, 0.75], [0.11111111111111112, 0.22222222222222224, 0.25], [0.11111111111111112, 0.5555555555555556, 0.25], [0.11111111111111112, 0.888888888888889, 0.25], [0.4444444444444445, 0.22222222222222224, 0.25], [0.4444444444444445, 0.5555555555555556, 0.25], [0.4444444444444445, 0.888888888888889, 0.25], [0.7777777777777778, 0.22222222222222224, 0.25], [0.7777777777777778, 0.5555555555555556, 0.25], [0.7777777777777778, 0.888888888888889, 0.25]], "elements": ["Mg", "Mg", "Mg", "Mg", "Mg", "Mg", "Mg", "Mg", "Mg", "Mg", "Mg", "Mg", "Mg", "Mg", "Mg", "Mg", "Mg"], "abc": [9.536947, 9.536947, 5.17076], "angles": [90.0, 90.0, 120.0], "cartesian": false, "props": ["c", "c", "c", "c", "c", "c", "c", "c", "c", "c", "c", "c", "c", "c", "c", "c", "c"]}}