{"name": "JVASP-1050_Y_Y_c", "def_en": 2.0411973371215737, "energy": -31.405351383052206, "perf_atoms": {"directgap": 0.0, "indirectgap": -0.20861378545842918, "energy": -38.225646218021595, "force": "na", "stress": "na"}, "defect_atoms": {"lattice_mat": [[3.62426, -6.2774, 0.0], [3.62426, 6.2774, 0.0], [0.0, 0.0, 5.64351]], "coords": [[0.3333333333333333, 0.16666666666666666, 0.75], [0.8333333333333333, 0.16666666666666666, 0.75], [0.8333333333333333, 0.6666666666666666, 0.75], [0.16666666666666669, 0.33333333333333337, 0.25], [0.16666666666666669, 0.8333333333333334, 0.25], [0.6666666666666667, 0.33333333333333337, 0.25], [0.6666666666666667, 0.8333333333333334, 0.25]], "elements": ["Y", "Y", "Y", "Y", "Y", "Y", "Y"], "abc": [7.248518, 7.248518, 5.64351], "angles": [90.0, 90.0, 120.0], "cartesian": false, "props": ["c", "c", "c", "c", "c", "c", "c"]}}