{"name": "JVASP-816_Al_Al_a", "def_en": 1.0560928328640862, "energy": -119.21110714108636, "perf_atoms": {"directgap": 0.0, "indirectgap": -0.8099629324551391, "energy": -124.16114850574967, "force": "na", "stress": "na"}, "defect_atoms": {"lattice_mat": [[8.13482, 0.0, 0.0], [0.0, 8.13482, 0.0], [0.0, 0.0, 8.13482]], "coords": [[0.0, 0.0, 0.0], [0.0, 0.0, 0.5], [0.0, 0.5, 0.0], [0.0, 0.5, 0.5], [0.5, 0.0, 0.0], [0.5, 0.0, 0.5], [0.5, 0.5, 0.0], [0.5, 0.5, 0.5], [0.0, 0.25, 0.25], [0.0, 0.25, 0.75], [0.0, 0.75, 0.25], [0.0, 0.75, 0.75], [0.5, 0.25, 0.25], [0.5, 0.25, 0.75], [0.5, 0.75, 0.25], [0.5, 0.75, 0.75], [0.25, 0.0, 0.75], [0.25, 0.5, 0.25], [0.25, 0.5, 0.75], [0.75, 0.0, 0.25], [0.75, 0.0, 0.75], [0.75, 0.5, 0.25], [0.75, 0.5, 0.75], [0.25, 0.25, 0.0], [0.25, 0.25, 0.5], [0.25, 0.75, 0.0], [0.25, 0.75, 0.5], [0.75, 0.25, 0.0], [0.75, 0.25, 0.5], [0.75, 0.75, 0.0], [0.75, 0.75, 0.5]], "elements": ["Al", "Al", "Al", "Al", "Al", "Al", "Al", "Al", "Al", "Al", "Al", "Al", "Al", "Al", "Al", "Al", "Al", "Al", "Al", "Al", "Al", "Al", "Al", "Al", "Al", "Al", "Al", "Al", "Al", "Al", "Al"], "abc": [8.13482, 8.13482, 8.13482], "angles": [90.0, 90.0, 90.0], "cartesian": false, "props": ["a", "a", "a", "a", "a", "a", "a", "a", "a", "a", "a", "a", "a", "a", "a", "a", "a", "a", "a", "a", "a", "a", "a", "a", "a", "a", "a", "a", "a", "a", "a"]}}