{"name": "Al_1_0_0", "surf_en": 0.6223365021517537, "energy": -107.35402673907578, "perf_atoms": {"directgap": 3.776339814715035e-16, "indirectgap": -4.507506502479505, "energy": -15.52014356321884, "force": "na", "stress": "na"}, "defect_atoms": {"lattice_mat": [[4.06741, 0.0, 0.0], [0.0, 4.06741, 0.0], [0.0, 0.0, 46.471869999999996]], "coords": [[3.0505575, 3.0505575, 1.0168524999999995], [3.0505575, 3.0505575, 5.0842624999999995], [3.0505575, 3.0505575, 9.151672499999998], [3.0505575, 3.0505575, 13.219082499999999], [3.0505575, 3.0505575, 17.286492499999998], [3.0505575, 3.0505575, 21.353902499999997], [3.0505575, 3.0505575, 25.4213125], [1.0168525, 1.0168525, 1.0168524999999995], [1.0168525, 1.0168525, 5.0842624999999995], [1.0168525, 1.0168525, 9.151672499999998], [1.0168525, 1.0168525, 13.219082499999999], [1.0168525, 1.0168525, 17.286492499999998], [1.0168525, 1.0168525, 21.353902499999997], [1.0168525, 1.0168525, 25.4213125], [3.0505575, 1.0168525, 3.0505574999999987], [3.0505575, 1.0168525, 7.1179675], [3.0505575, 1.0168525, 11.185377499999998], [3.0505575, 1.0168525, 15.252787499999997], [3.0505575, 1.0168525, 19.3201975], [3.0505575, 1.0168525, 23.387607499999998], [3.0505575, 1.0168525, 27.455017499999997], [1.0168525, 3.0505575, 3.0505574999999987], [1.0168525, 3.0505575, 7.1179675], [1.0168525, 3.0505575, 11.185377499999998], [1.0168525, 3.0505575, 15.252787499999997], [1.0168525, 3.0505575, 19.3201975], [1.0168525, 3.0505575, 23.387607499999998], [1.0168525, 3.0505575, 27.455017499999997]], "elements": ["Al", "Al", "Al", "Al", "Al", "Al", "Al", "Al", "Al", "Al", "Al", "Al", "Al", "Al", "Al", "Al", "Al", "Al", "Al", "Al", "Al", "Al", "Al", "Al", "Al", "Al", "Al", "Al"], "abc": [4.06741, 4.06741, 46.47187], "angles": [90.0, 90.0, 90.0], "cartesian": true, "props": ["", "", "", "", "", "", "", "", "", "", "", "", "", "", "", "", "", "", "", "", "", "", "", "", "", "", "", ""]}}