{"name": "Al_1_1_0", "surf_en": 0.8162352357573053, "energy": -106.25387393727146, "perf_atoms": {"directgap": 3.776339814715035e-16, "indirectgap": -4.507506502479505, "energy": -15.52014356321884, "force": "na", "stress": "na"}, "defect_atoms": {"lattice_mat": [[5.75218638573195, 0.0, 0.0], [0.0, 4.06741, 0.0], [0.0, 0.0, 38.13265235006182]], "coords": [[0.7190305267525922, 3.0505575, 0.7190221231855806], [3.5951237196185666, 3.0505575, 3.5951153160515554], [0.7190269124845421, 3.0505575, 6.471208508917531], [3.5951201053505173, 3.0505575, 9.347301701783508], [0.719023298216492, 3.0505575, 12.223394894649482], [3.5951164910824667, 3.0505575, 15.099488087515457], [0.7190196839484426, 3.0505575, 17.975581280381434], [5.033170316051555, 1.0168525, 2.1570687196185685], [2.1570735089175295, 1.0168525, 5.033161912484544], [5.033166701783505, 1.0168525, 7.90925510535052], [2.1570698946494797, 1.0168525, 10.785348298216492], [5.033163087515455, 1.0168525, 13.661441491082467], [2.157066280381429, 1.0168525, 16.537534683948444], [5.0331594732474, 1.0168525, 19.41362787681442], [2.15707712318558, 1.0168525, 2.1570687196185676], [5.033170316051555, 1.0168525, 5.033161912484544], [2.1570735089175295, 1.0168525, 7.9092551053505185], [5.033166701783503, 1.0168525, 10.785348298216492], [2.1570698946494797, 1.0168525, 13.661441491082467], [5.033163087515455, 1.0168525, 16.537534683948444], [2.157066280381429, 1.0168525, 19.41362787681442], [3.5951237196185666, 3.0505575, 0.7190221231855806], [0.7190269124845421, 3.0505575, 3.5951153160515554], [3.5951201053505173, 3.0505575, 6.471208508917531], [0.719023298216492, 3.0505575, 9.347301701783504], [3.595116491082469, 3.0505575, 12.223394894649482], [0.7190196839484426, 3.0505575, 15.099488087515457], [3.5951128768144134, 3.0505575, 17.975581280381434]], "elements": ["Al", "Al", "Al", "Al", "Al", "Al", "Al", "Al", "Al", "Al", "Al", "Al", "Al", "Al", "Al", "Al", "Al", "Al", "Al", "Al", "Al", "Al", "Al", "Al", "Al", "Al", "Al", "Al"], "abc": [5.75219, 4.06741, 38.13265], "angles": [90.0, 90.0, 90.0], "cartesian": true, "props": ["", "", "", "", "", "", "", "", "", "", "", "", "", "", "", "", "", "", "", "", "", "", "", "", "", "", "", ""]}}