{"name": "JVASP-25144_P_1_1_1", "surf_en": 1.1609516191864355, "energy": -338.9511134866705, "perf_atoms": {"directgap": 0.15324772067995257, "indirectgap": -0.06546792184108223, "energy": -43.486497934994745, "force": "na", "stress": "na"}, "defect_atoms": {"lattice_mat": [[5.579662013706565, 0.0, 0.0], [3.5788446326222507, 11.042000256640591, 0.0], [0.0, 0.0, 38.769326149025886]], "coords": [[2.862033310890746, 6.690266174446859, 1.2498013889146218], [4.862850691975061, 6.041777279434875, 3.845967157542858], [6.863668073059374, 5.393288384422893, 6.442132926171094], [3.2848254541436908, 4.744799489410908, 9.03829869479933], [5.285642835228004, 4.096310594398925, 11.634464463427564], [1.7068002163123168, 3.4478216993869397, 14.230630232055798], [3.707617597396632, 2.799332804374956, 16.826796000684038], [5.708434978480945, 2.150843909362972, 19.422961769312273], [4.450476330976893, 3.370156218957323, 1.3463682306877274], [6.451293712061209, 2.7216673239453386, 3.942533999315962], [2.8724510931455214, 2.0731784289333546, 6.538699767944199], [4.8732684742298344, 1.4246895339213705, 9.134865536572434], [1.2944258553141497, 0.7762006389093864, 11.73103130520067], [3.295243236398465, 0.1277117438974024, 14.327197073828906], [8.874900617482782, 10.521222848885417, 16.92336284245714], [5.296057998567096, 9.872733953873434, 19.519528611085377], [1.0726130082861862, 3.2636040291474826, 1.7729401425345352], [3.0734303893705013, 2.6151151341354977, 4.369105911162772], [5.0742477704548135, 1.9666262391235139, 6.965271679791006], [1.4954051515391311, 1.3181373441115303, 9.561437448419245], [3.4962225326234435, 0.6696484490995451, 12.15760321704748], [5.497039913707757, 0.02115955408756165, 14.753768985675716], [5.49703729479207, 10.414670659075577, 17.34993475430395], [7.49785467587639, 9.766181764063594, 19.946100522932184], [6.23989864728802, 6.796818364256701, 0.8232294770678127], [2.6610560283723332, 6.148329469244716, 3.4193952456960486], [4.661873409456649, 5.499840574232733, 6.015561014324285], [6.662690790540961, 4.85135167922075, 8.61172678295252], [3.0838481716252772, 4.202862784208765, 11.207892551580755], [5.084665552709588, 3.5543738891967815, 13.804058320208988], [1.505822933793908, 2.905884994184797, 16.400224088837227], [3.5066403148782204, 2.257396099172812, 18.996389857465463], [3.862442001432901, 1.1692660461265658, 1.2498013889146218], [0.28359938251721667, 0.520777151114581, 3.8459671575428565], [5.863256763601532, 10.914288256102596, 6.442132926171094], [7.864074144685845, 10.265799361090613, 9.038298694799327], [4.28523152577016, 9.617310466078628, 11.634464463427564], [6.286048906854473, 8.968821571066645, 14.230630232055798], [2.7072062879387935, 8.32033267605466, 16.826796000684034], [4.708023669023106, 7.671843781042677, 19.42296176931227], [3.4500650215190514, 8.891156090637029, 1.3463682306877274], [5.450882402603365, 8.242667195625044, 3.942533999315962], [7.451699783687677, 7.594178300613059, 6.538699767944198], [3.8728571647719936, 6.945689405601075, 9.134865536572434], [5.873674545856311, 6.297200510589091, 11.73103130520067], [2.294831926940624, 5.648711615577107, 14.327197073828907], [4.295649308024937, 5.000222720565123, 16.923362842457145], [6.296466689109255, 4.351733825553139, 19.51952861108538], [5.651859685121776, 8.784603900827188, 1.7729401425345366], [7.652677066206091, 8.136115005815203, 4.369105911162772], [4.073834447290406, 7.487626110803218, 6.96527167979101], [6.07465182837472, 6.839137215791235, 9.561437448419241], [2.495809209459033, 6.1906483207792515, 12.157603217047477], [4.4966265905433485, 5.542159425767267, 14.75376898567571], [6.497443971627666, 4.893670530755282, 17.349934754303952], [2.9186013527119816, 4.2451816357432985, 19.946100522932188], [1.660645324123611, 1.2758182359364059, 0.8232294770678127], [3.661462705207925, 0.6273293409244218, 3.4193952456960486], [3.661460086292239, 11.020840445912437, 6.015561014324283], [5.662277467376555, 10.372351550900454, 8.61172678295252], [7.663094848460869, 9.72386265588847, 11.207892551580754], [4.084252229545184, 9.075373760876486, 13.80405832020899], [6.085069610629499, 8.426884865864501, 16.400224088837227], [8.085886991713812, 7.778395970852517, 18.996389857465463]], "elements": ["P", "P", "P", "P", "P", "P", "P", "P", "P", "P", "P", "P", "P", "P", "P", "P", "P", "P", "P", "P", "P", "P", "P", "P", "P", "P", "P", "P", "P", "P", "P", "P", "P", "P", "P", "P", "P", "P", "P", "P", "P", "P", "P", "P", "P", "P", "P", "P", "P", "P", "P", "P", "P", "P", "P", "P", "P", "P", "P", "P", "P", "P", "P", "P"], "abc": [5.57966, 11.607492, 38.76933], "angles": [90.0, 90.0, 72.0419], "cartesian": true, "props": ["", "", "", "", "", "", "", "", "", "", "", "", "", "", "", "", "", "", "", "", "", "", "", "", "", "", "", "", "", "", "", "", "", "", "", "", "", "", "", "", "", "", "", "", "", "", "", "", "", "", "", "", "", "", "", "", "", "", "", "", "", "", "", ""]}}