{"name": "JVASP-21195_Mo_1_1_1", "surf_en": 3.703749314212104, "energy": -171.54996708708728, "perf_atoms": {"directgap": 7.55267962943007e-16, "indirectgap": -0.5945750296654738, "energy": -22.446230723555928, "force": "na", "stress": "na"}, "defect_atoms": {"lattice_mat": [[4.472422106733665, 0.0, 0.0], [2.236211053366833, 3.873231160878472, 0.0], [0.0, 0.0, 32.60686943445446]], "coords": [[2.236205786532666, 1.1608784716797782e-06, 0.45646495259947345], [2.236206839899499, 2.5821541072523146, 2.282323631906281], [4.472417893266333, 1.2910770536261578, 4.108182311213088], [2.236208946633167, 8.60029825133779e-16, 5.934040990519895], [2.23621, 2.582152946373844, 7.7598996698267015], [4.472421053366832, 1.2910758927476862, 9.585758349133508], [4.472422106733667, 3.87322883912153, 11.411617028440316], [2.2362131601004993, 2.5821517854953706, 13.237475707747123], [4.4724168398995, 1.2910782145046296, 1.3693942922528772], [2.2362078932663336, 1.160878472539808e-06, 3.1952529715596847], [2.2362089466331656, 2.5821541072523146, 5.021111650866491], [4.472419999999999, 1.2910770536261582, 6.846970330173297], [2.2362110533668336, 8.60029825133779e-16, 8.672829009480106], [2.236212106733668, 2.582152946373843, 10.498687688786914], [4.472423160100502, 1.2910758927476869, 12.32454636809372], [4.472424213467334, 3.8732288391215284, 14.150405047400529]], "elements": ["Mo", "Mo", "Mo", "Mo", "Mo", "Mo", "Mo", "Mo", "Mo", "Mo", "Mo", "Mo", "Mo", "Mo", "Mo", "Mo"], "abc": [4.47242, 4.472421, 32.60687], "angles": [90.0, 90.0, 60.0], "cartesian": true, "props": ["", "", "", "", "", "", "", "", "", "", "", "", "", "", "", ""]}}