{"name": "JVASP-14601_Sn_1_1_1", "surf_en": 0.6247751754120099, "energy": -122.83691392214618, "perf_atoms": {"directgap": 2.6434378703005247e-15, "indirectgap": -0.38503997252510014, "energy": -32.19743910090857, "force": "na", "stress": "na"}, "defect_atoms": {"lattice_mat": [[9.381666498613134, 0.0, 0.0], [4.690833249306566, 8.12476151763238, 0.0], [0.0, 0.0, 33.32019723904362]], "coords": [[8.208965189060219, 0.6770634598026994, 2.393782199078755], [8.208958438366789, 6.093569620591907, 6.223831508839661], [3.51812168767336, 3.385315781381111, 10.05388081860057], [8.20895493697993, 0.677061942170318, 13.883930128361477], [8.208965189060219, 3.3853172990134928, 1.436269871638528], [3.51812843836679, 0.6770634598026987, 5.266319181399435], [12.899791687673359, 6.093569620591905, 9.096368491160343], [8.208954936979932, 3.3853157813811103, 12.92641780092125], [10.554381813713503, 4.739444218618889, 2.393782199078755], [5.863545063020071, 2.031190379408096, 6.22383150883966], [5.863538312326644, 7.447696540197302, 10.05388081860057], [10.554371561633214, 4.739442700986507, 13.883930128361477], [10.554381813713501, 7.447698057829683, 1.436269871638528], [5.863545063020074, 4.739444218618888, 5.266319181399435], [1.1727083123266397, 2.031190379408095, 9.096368491160343], [10.554371561633213, 7.447696540197301, 12.92641780092125], [3.5181284383667877, 0.6770634598026994, 2.393782199078755], [12.899791687673355, 6.093569620591905, 6.223831508839661], [8.208954936979925, 3.385315781381113, 10.053880818600566], [3.5181181862864963, 0.6770619421703198, 13.883930128361477], [3.518128438366787, 3.3853172990134928, 1.4362698716385272], [8.208961687673359, 0.6770634598026984, 5.266319181399435], [8.20895493697993, 6.093569620591905, 9.096368491160343], [3.518118186286498, 3.385315781381112, 12.92641780092125], [5.863545063020071, 4.739444218618889, 2.3937821990787533], [1.1727083123266404, 2.031190379408096, 6.22383150883966], [10.554371561633209, 7.447696540197304, 10.053880818600566], [5.863534810939779, 4.739442700986508, 13.883930128361474], [5.86354506302007, 7.447698057829682, 1.4362698716385272], [10.554378312326639, 4.739444218618888, 5.266319181399435], [5.863541561633206, 2.0311903794080957, 9.096368491160339], [5.863534810939781, 7.447696540197302, 12.926417800921246]], "elements": ["Sn", "Sn", "Sn", "Sn", "Sn", "Sn", "Sn", "Sn", "Sn", "Sn", "Sn", "Sn", "Sn", "Sn", "Sn", "Sn", "Sn", "Sn", "Sn", "Sn", "Sn", "Sn", "Sn", "Sn", "Sn", "Sn", "Sn", "Sn", "Sn", "Sn", "Sn", "Sn"], "abc": [9.38167, 9.381664, 33.3202], "angles": [90.0, 90.0, 60.0], "cartesian": true, "props": ["", "", "", "", "", "", "", "", "", "", "", "", "", "", "", "", "", "", "", "", "", "", "", "", "", "", "", "", "", "", "", ""]}}