{"name": "JVASP-867_Cu_1_1_1", "surf_en": 1.4880407587782516, "energy": -114.11640814085644, "perf_atoms": {"directgap": 0.0, "indirectgap": -0.8367534232567361, "energy": -16.9075362311164, "force": "na", "stress": "na"}, "defect_atoms": {"lattice_mat": [[5.128235362012941, 0.0, 0.0], [2.5641176810064708, 4.441182100088893, 0.0], [0.0, 0.0, 32.65515323746679]], "coords": [[5.769278696225733, 3.330886575066668, 1.0467950410856601], [3.205156377232203, 1.8504925417037041, 3.1403883607237737], [0.6410340582386732, 0.37009850834074004, 5.233981680361886], [5.769271739245144, 3.330884474977776, 7.3275749999999995], [3.2051494202516135, 1.850490441614812, 9.421168319638111], [0.6410271012580859, 0.37009640825184803, 11.514761639276225], [5.769264782264556, 3.3308823748888847, 13.60835495891434], [4.487217536728967, 1.1102976251111145, 1.0467950410856601], [4.4872152177354385, 4.071083591748151, 3.1403883607237737], [1.9230928987419087, 2.5906895583851868, 5.233981680361886], [4.48721057974838, 1.1102955250222226, 7.3275749999999995], [4.4872082607548505, 4.0710814916592595, 9.421168319638111], [1.9230859417613226, 2.590687458296295, 11.514761639276225], [4.48720362276779, 1.11029342493333, 13.60835495891434], [3.2051563772322043, 3.330886575066668, 1.0467950410856608], [5.769274058238675, 1.8504925417037041, 3.1403883607237737], [3.2051517392451445, 0.37009850834074004, 5.233981680361886], [3.205149420251617, 3.330884474977776, 7.327575], [5.7692671012580865, 1.850490441614812, 9.421168319638111], [3.2051447822645556, 0.37009640825184903, 11.514761639276225], [3.2051424632710286, 3.3308823748888865, 13.60835495891434], [1.9230952177354386, 1.1102976251111145, 1.0467950410856608], [7.05133289874191, 4.071083591748151, 3.1403883607237737], [4.48721057974838, 2.590689558385187, 5.233981680361887], [1.9230882607548512, 1.1102955250222226, 7.327575], [7.051325941761322, 4.0710814916592595, 9.421168319638111], [4.487203622767789, 2.590687458296295, 11.514761639276225], [1.9230813037742618, 1.110293424933331, 13.60835495891434]], "elements": ["Cu", "Cu", "Cu", "Cu", "Cu", "Cu", "Cu", "Cu", "Cu", "Cu", "Cu", "Cu", "Cu", "Cu", "Cu", "Cu", "Cu", "Cu", "Cu", "Cu", "Cu", "Cu", "Cu", "Cu", "Cu", "Cu", "Cu", "Cu"], "abc": [5.12824, 5.128235, 32.65515], "angles": [90.0, 90.0, 60.0], "cartesian": true, "props": ["", "", "", "", "", "", "", "", "", "", "", "", "", "", "", "", "", "", "", "", "", "", "", "", "", "", "", ""]}}