{"name": "JVASP-919_Mg_1_1_1", "surf_en": 0.6511356472564775, "energy": -24.72418374089694, "perf_atoms": {"directgap": 0.030567310397969807, "indirectgap": -1.5792003811692972, "energy": -3.3935640515308965, "force": "na", "stress": "na"}, "defect_atoms": {"lattice_mat": [[5.50616, 0.0, 0.0], [-2.75308, 5.40955057631408, 0.0], [0.0, 0.0, 30.15460870022976]], "coords": [[0.4588466666666685, 5.010536286106464, 0.3798321717673019], [0.45884666666666724, 0.0680266482323454, 1.8991582592960219], [3.2119266666666673, 0.5350670103582275, 3.41848434682474], [0.4588466666666675, 1.002107372484109, 4.937810434353461], [3.2119266666666695, 1.46914773460999, 6.4571365218821795], [0.458846666666668, 1.936188096735872, 7.976462609410898], [3.2119266666666695, 2.403228458861754, 9.495788696939618], [0.45884666666667057, 2.8702688209876364, 11.015114784468338], [2.294233333333333, 2.539281179012365, 1.1394952155316613], [-0.45884666666666607, 3.006321541138247, 2.6588213030603813], [2.2942333333333367, 3.4733619032641285, 4.178147390589102], [-0.45884666666666696, 3.9404022653900106, 5.6974734781178205], [2.2942333333333353, 4.407442627515892, 7.21679956564654], [-0.4588466666666668, 4.874482989641774, 8.736125653175257], [2.2942333333333327, 5.3415233517676555, 10.255451740703979], [2.2942333333333313, 0.3990137138935373, 11.774777828232699]], "elements": ["Mg", "Mg", "Mg", "Mg", "Mg", "Mg", "Mg", "Mg", "Mg", "Mg", "Mg", "Mg", "Mg", "Mg", "Mg", "Mg"], "abc": [5.50616, 6.069817, 30.15461], "angles": [90.0, 90.0, 116.9729], "cartesian": true, "props": ["", "", "", "", "", "", "", "", "", "", "", "", "", "", "", ""]}}