{"name": "JVASP-972_Pt_1_1_0", "surf_en": 2.527471318973003, "energy": -178.41379715974313, "perf_atoms": {"directgap": 0.0, "indirectgap": -0.36964571931991536, "energy": -26.497110536697146, "force": "na", "stress": "na"}, "defect_atoms": {"lattice_mat": [[5.624002068438454, 0.0, 0.0], [0.0, 3.97677, 0.0], [0.0, 0.0, 37.68400723953459]], "coords": [[0.7029961216778965, 2.9825775, 0.7030016387875159], [3.514997155897123, 2.9825775, 3.515002673006743], [0.70299819011635, 2.9825775, 6.327003707225969], [3.5149992243355768, 2.9825775, 9.139004741445195], [0.7030002585548035, 2.9825775, 11.951005775664424], [3.51500129277403, 2.9825775, 14.763006809883645], [0.703002326993257, 2.9825775, 17.575007844102874], [4.920997673006736, 0.9941925, 2.10900215589713], [2.1089987072259646, 0.9941925, 4.921003190116356], [4.920999741445189, 0.9941925, 7.7330042243355805], [2.109000775664416, 0.9941925, 10.545005258554808], [4.921001809883645, 0.9941925, 13.357006292774035], [2.1090028441028714, 0.9941925, 16.16900732699326], [4.921003878322101, 0.9941925, 18.981008361212485], [2.10899663878751, 0.9941925, 2.10900215589713], [4.920997673006736, 0.9941925, 4.921003190116356], [2.1089987072259633, 0.9941925, 7.733004224335582], [4.920999741445191, 0.9941925, 10.545005258554808], [2.109000775664416, 0.9941925, 13.357006292774035], [4.921001809883642, 0.9941925, 16.16900732699326], [2.1090028441028714, 0.9941925, 18.981008361212485], [3.5149971558971242, 2.9825775, 0.7030016387875159], [0.70299819011635, 2.9825775, 3.515002673006742], [3.5149992243355768, 2.9825775, 6.327003707225969], [0.7030002585548035, 2.9825775, 9.139004741445197], [3.51500129277403, 2.9825775, 11.951005775664424], [0.703002326993257, 2.9825775, 14.763006809883645], [3.5150033612124862, 2.9825775, 17.575007844102874]], "elements": ["Pt", "Pt", "Pt", "Pt", "Pt", "Pt", "Pt", "Pt", "Pt", "Pt", "Pt", "Pt", "Pt", "Pt", "Pt", "Pt", "Pt", "Pt", "Pt", "Pt", "Pt", "Pt", "Pt", "Pt", "Pt", "Pt", "Pt", "Pt"], "abc": [5.624, 3.97677, 37.68401], "angles": [90.0, 90.0, 90.0], "cartesian": true, "props": ["", "", "", "", "", "", "", "", "", "", "", "", "", "", "", "", "", "", "", "", "", "", "", "", "", "", "", ""]}}