{"name": "JVASP-934_Nb_1_1_0", "surf_en": 67.63568363297264, "energy": -28.60198059966947, "perf_atoms": {"directgap": 0.0, "indirectgap": -1.092691004980732, "energy": -20.039565043617856, "force": "na", "stress": "na"}, "defect_atoms": {"lattice_mat": [[4.693873808465669, 0.0, 0.0], [0.0, 3.31907, 0.0], [0.0, 0.0, 36.77549523386267]], "coords": [[4.693862383068667, 2.4893025, 1.1734708351850829], [2.3469292873014997, 2.4893025, 3.5204077394179167], [4.693866191534333, 2.4893025, 5.867344643650751], [2.346933095767168, 2.4893025, 8.214281547883585], [0.0, 2.4893025, 10.561218452116417], [2.3469369042328356, 2.4893025, 12.908155356349253], [3.808465669126258e-06, 2.4893025, 15.255092260582087], [2.3469407126985007, 2.4893025, 17.60202916481492], [2.3469292873014997, 0.8297675, 1.1734708351850829], [4.693866191534334, 0.8297675, 3.5204077394179167], [2.346933095767168, 0.8297675, 5.8673446436507515], [0.0, 0.8297675, 8.214281547883584], [2.3469369042328356, 0.8297675, 10.561218452116421], [3.808465669126258e-06, 0.8297675, 12.908155356349253], [2.3469407126985007, 0.8297675, 15.255092260582087], [7.616931338252516e-06, 0.8297675, 17.602029164814923]], "elements": ["Nb", "Nb", "Nb", "Nb", "Nb", "Nb", "Nb", "Nb", "Nb", "Nb", "Nb", "Nb", "Nb", "Nb", "Nb", "Nb"], "abc": [4.69387, 3.31907, 36.7755], "angles": [90.0, 90.0, 90.0], "cartesian": true, "props": ["", "", "", "", "", "", "", "", "", "", "", "", "", "", "", ""]}}