{"name": "JVASP-25117_Li_1_1_1", "surf_en": 0.6521684879265298, "energy": -145.77530010772665, "perf_atoms": {"directgap": 0.0, "indirectgap": 0.0, "energy": -17.261637374966238, "force": "na", "stress": "na"}, "defect_atoms": {"lattice_mat": [[5.25466, 0.0, 0.0], [-2.62733, 22.362765438552092, 0.0], [0.0, 0.0, 31.620566985311157]], "coords": [[2.9192555555555555, 17.015910958132235, 1.2611708297219753], [0.2919255555555551, 17.118803209022335, 2.7745671614232155], [2.919255555555554, 17.22169545991244, 4.287963493124454], [0.2919255555555532, 17.32458771080254, 5.801359824825694], [2.919255555555554, 17.427479961692644, 7.314756156526933], [0.2919255555555518, 17.530372212582744, 8.828152488228174], [2.91925555555555, 17.633264463472845, 10.341548819929411], [0.2919255555555499, 17.73615671436295, 11.85494515163065], [2.9192555555555506, 17.83904896525305, 13.368341483331891], [-0.5838511111111127, 14.54275976402143, 1.429314552435741], [2.043478888888888, 14.645652014911528, 2.9427108841369805], [-0.5838511111111143, 14.748544265801632, 4.4561072158382204], [2.0434788888888864, 14.851436516691733, 5.96950354753946], [-0.5838511111111138, 14.954328767581837, 7.4828998792406995], [2.043478888888887, 15.057221018471935, 8.996296210941939], [-0.5838511111111154, 15.160113269362041, 10.509692542643178], [2.0434788888888806, 15.26300552025214, 12.023088874344419], [-0.5838511111111193, 15.365897771142242, 13.536485206045658], [0.2919255555555551, 11.966464245576397, 0.08407908132782502], [2.919255555555555, 12.069356496466499, 1.5974754130290651], [0.29192555555555344, 12.172248747356601, 3.1108717447303045], [2.9192555555555524, 12.275140998246703, 4.624268076431544], [0.29192555555555155, 12.378033249136806, 6.1376644081327845], [2.9192555555555524, 12.480925500026906, 7.651060739834023], [0.29192555555554983, 12.583817750917008, 9.164457071535264], [2.9192555555555506, 12.686710001807109, 10.6778534032365], [0.29192555555554817, 12.789602252697213, 12.191249734937744], [3.7950322222222237, 9.493056416573557, 0.25223994192114846], [1.1677022222222226, 9.595948667463656, 1.7656362736223885], [3.7950322222222215, 9.698840918353762, 3.279032605323627], [1.1677022222222222, 9.80173316924386, 4.792428937024868], [3.7950322222222224, 9.904625420133964, 6.305825268726107], [1.1677022222222204, 10.007517671024067, 7.819221600427346], [3.7950322222222206, 10.110409921914167, 9.332617932128585], [1.1677022222222184, 10.213302172804271, 10.846014263829824], [3.795032222222219, 10.31619442369437, 12.359410595531065], [0.2919255555555575, 7.019905222462759, 0.4203836646349142], [2.919255555555557, 7.1227974733528585, 1.9337799963361535], [0.2919255555555556, 7.2256897242429625, 3.447176328037394], [2.9192555555555564, 7.328581975133062, 4.9605726597386335], [0.2919255555555542, 7.431474226023164, 6.473968991439873], [2.919255555555554, 7.534366476913268, 7.987365323141113], [0.29192555555555255, 7.637258727803368, 9.50076165484235], [2.9192555555555484, 7.7401509786934675, 11.014157986543589], [0.29192555555554844, 7.8430432295835715, 12.52755431824483], [3.7950322222222237, 4.546501954907827, 0.5885445252282376], [1.1677022222222226, 4.649394205797928, 2.101940856929478], [3.795032222222222, 4.75228645668803, 3.615337188630717], [1.1677022222222222, 4.85517870757813, 5.1287335203319575], [3.7950322222222184, 4.958070958468232, 6.642129852033197], [1.1677022222222202, 5.060963209358336, 8.155526183734436], [3.7950322222222206, 5.163855460248438, 9.668922515435675], [1.1677022222222164, 5.266747711138537, 11.182318847136914], [3.795032222222217, 5.369639962028639, 12.695715178838155], [2.0434788888888895, 2.073098687352894, 0.7567053858215618], [4.670808888888888, 2.1759909382429985, 2.270101717522801], [2.0434788888888873, 2.2788831891331003, 3.7834980492240406], [4.670808888888888, 2.3817754400232025, 5.296894380925281], [2.043478888888888, 2.4846676909133016, 6.81029071262652], [4.670808888888886, 2.587559941803404, 8.323687044327759], [2.0434788888888837, 2.690452192693508, 9.837083376028998], [4.670808888888884, 2.79334444358361, 11.350479707730239], [2.043478888888884, 2.896236694473712, 12.863876039431478], [1.1677022222222215, 21.962717493242092, 0.9248491085353275], [-1.459627777777778, 22.065609744132193, 2.438245440236568], [1.1677022222222224, 22.168501995022297, 3.951641771937807], [-1.4596277777777784, 22.271394245912397, 5.4650381036390465], [3.7950322222222184, 0.011516496802497318, 6.978434435340286], [1.1677022222222209, 0.11440874769259922, 8.491830767041526], [3.7950322222222215, 0.21730099858270113, 10.005227098742765], [1.167702222222217, 0.3201932494728018, 11.518623430444006], [3.7950322222222197, 0.4230855003629037, 13.032019762145245], [-0.5838511111111108, 19.489314225687163, 1.093009969128651], [2.043478888888888, 19.592206476577267, 2.6064063008298906], [-0.5838511111111127, 19.695098727467368, 4.1198026325311305], [2.043478888888888, 19.797990978357472, 5.6331989642323705], [-0.5838511111111143, 19.900883229247572, 7.14659529593361], [2.0434788888888864, 20.003775480137673, 8.659991627634849], [-0.5838511111111138, 20.106667731027777, 10.173387959336088], [2.0434788888888815, 20.209559981917877, 11.686784291037329], [-0.5838511111111179, 20.31245223280798, 13.200180622738568]], "elements": ["Li", "Li", "Li", "Li", "Li", "Li", "Li", "Li", "Li", "Li", "Li", "Li", "Li", "Li", "Li", "Li", "Li", "Li", "Li", "Li", "Li", "Li", "Li", "Li", "Li", "Li", "Li", "Li", "Li", "Li", "Li", "Li", "Li", "Li", "Li", "Li", "Li", "Li", "Li", "Li", "Li", "Li", "Li", "Li", "Li", "Li", "Li", "Li", "Li", "Li", "Li", "Li", "Li", "Li", "Li", "Li", "Li", "Li", "Li", "Li", "Li", "Li", "Li", "Li", "Li", "Li", "Li", "Li", "Li", "Li", "Li", "Li", "Li", "Li", "Li", "Li", "Li", "Li", "Li", "Li", "Li"], "abc": [5.25466, 22.516579, 31.62057], "angles": [90.0, 90.0, 96.7008], "cartesian": true, "props": ["", "", "", "", "", "", "", "", "", "", "", "", "", "", "", "", "", "", "", "", "", "", "", "", "", "", "", "", "", "", "", "", "", "", "", "", "", "", "", "", "", "", "", "", "", "", "", "", "", "", "", "", "", "", "", "", "", "", "", "", "", "", "", "", "", "", "", "", "", "", "", "", "", "", "", "", "", "", "", "", ""]}}