{"name": "JVASP-910_La_1_0_0", "surf_en": 1.0208384998629743, "energy": -132.70177546554066, "perf_atoms": {"directgap": 0.06458769178218356, "indirectgap": -0.25290816950558914, "energy": -19.774419327826447, "force": "na", "stress": "na"}, "defect_atoms": {"lattice_mat": [[3.7380420781473287, 0.0, 0.0], [0.0, 11.99005, 0.0], [0.0, 0.0, 40.660667401899005]], "coords": [[1.401774611429519, 7.49378125, 0.8093108491183193], [3.2707914942091034, 7.49378125, 4.046549049389606], [1.401768376988688, 7.49378125, 7.283787249660892], [3.2707852597682736, 7.49378125, 10.521025449932178], [1.4017621425478568, 7.49378125, 13.758263650203467], [3.270779025327444, 7.49378125, 16.99550185047475], [1.4017559081070279, 7.49378125, 20.232740050746038], [1.401774611429519, 1.49875625, 0.8093108491183193], [3.2707914942091034, 1.49875625, 4.046549049389606], [1.401768376988688, 1.49875625, 7.283787249660892], [3.2707852597682736, 1.49875625, 10.521025449932178], [1.4017621425478568, 1.49875625, 13.758263650203467], [3.270779025327444, 1.49875625, 16.99550185047475], [1.4017559081070279, 1.49875625, 20.232740050746038], [1.401773225998352, 4.4962687500000005, 2.9674696492991766], [3.270790108777936, 4.4962687500000005, 6.204707849570463], [1.4017669915575208, 4.4962687500000005, 9.44194604984175], [3.2707838743371065, 4.4962687500000005, 12.679184250113034], [1.4017607571166903, 4.4962687500000005, 15.916422450384323], [3.270777639896276, 4.4962687500000005, 19.153660650655606], [1.4017545226758565, 4.4962687500000005, 22.390898850926895], [3.2707949577876, 10.49129375, 1.8883902492087485], [1.4017718405671848, 10.49129375, 5.125628449480035], [3.2707887233467687, 10.49129375, 8.362866649751322], [1.4017656061263528, 10.49129375, 11.600104850022605], [3.2707824889059376, 10.49129375, 14.837343050293894], [1.4017593716855241, 10.49129375, 18.074581250565178], [3.270776254465108, 10.49129375, 21.311819450836467]], "elements": ["La", "La", "La", "La", "La", "La", "La", "La", "La", "La", "La", "La", "La", "La", "La", "La", "La", "La", "La", "La", "La", "La", "La", "La", "La", "La", "La", "La"], "abc": [3.73804, 11.99005, 40.66067], "angles": [90.0, 90.0, 90.0], "cartesian": true, "props": ["", "", "", "", "", "", "", "", "", "", "", "", "", "", "", "", "", "", "", "", "", "", "", "", "", "", "", ""]}}