{"name": "JVASP-25407_C_1_1_1", "surf_en": 7.666058543150074, "energy": -387.5352222945606, "perf_atoms": {"directgap": 1.0284617747792235, "indirectgap": 1.0257754929541023, "energy": -37.763643452980666, "force": "na", "stress": "na"}, "defect_atoms": {"lattice_mat": [[4.26948, 0.0, 0.0], [-2.13474, 6.810824195682929, 0.0], [0.0, 0.0, 31.33356249097752]], "coords": [[1.41147173735903e-15, 4.048712050051121, 0.9091052879869789], [2.134740000000001, 4.271744029214942, 2.121247332621299], [1.0568818185189302e-15, 4.494776008378762, 3.333389377255618], [2.1347400000000007, 4.7178079875425825, 4.545531421889938], [2.7156524890379114e-15, 4.9408399667064025, 5.75767346652426], [2.1347400000000043, 5.163871945870223, 6.969815511158579], [3.7762027090632916e-16, 5.386903925034043, 8.181957555792897], [2.134740000000002, 5.609935904197864, 9.39409960042722], [3.7977886357917615e-15, 5.832967883361685, 10.606241645061539], [2.134740000000005, 6.055999862525506, 11.818383689695859], [7.454960750636024e-15, 6.279031841689326, 13.030525734330178], [2.13474, 0.5317881583106744, 0.3030342656698185], [7.072134052144291e-16, 0.7548201374744952, 1.5151763103041385], [2.1347400000000016, 0.9778521166383153, 2.7273183549384576], [1.3945389291863984e-15, 1.200884095802136, 3.9394603995727775], [2.134740000000001, 1.4239160749659567, 5.151602444207098], [3.1088207509366376e-15, 1.6469480541297767, 6.3637444888414185], [2.1347400000000007, 1.8699800332935976, 7.575886533475736], [7.558293877712558e-16, 2.0930120124574185, 8.78802857811006], [2.1347400000000025, 2.316043991621239, 10.00017062274438], [4.3019792001530034e-15, 2.539075970785059, 11.212312667378699], [2.134740000000009, 2.7621079499488808, 12.424454712013018], [2.84632, 4.048712050051122, 0.9091052879869789], [0.7115800000000003, 4.271744029214942, 2.121247332621298], [2.846320000000002, 4.494776008378762, 3.333389377255618], [0.7115800000000002, 4.7178079875425825, 4.545531421889938], [-1.4231599999999982, 4.940839966706403, 5.75767346652426], [0.7115800000000037, 5.163871945870223, 6.969815511158579], [-1.423160000000002, 5.386903925034043, 8.181957555792897], [0.7115799999999995, 5.609935904197865, 9.39409960042722], [-1.423159999999995, 5.832967883361686, 10.606241645061539], [0.7115800000000064, 6.055999862525507, 11.818383689695859], [-1.4231599999999953, 6.279031841689327, 13.030525734330178], [3.5579000000000005, 0.5317881583106744, 0.3030342656698185], [1.4231600000000022, 0.7548201374744952, 1.5151763103041385], [3.5579, 0.9778521166383153, 2.7273183549384576], [1.423160000000001, 1.200884095802136, 3.9394603995727775], [3.557900000000004, 1.4239160749659567, 5.151602444207098], [1.4231600000000035, 1.6469480541297767, 6.3637444888414185], [3.557900000000002, 1.8699800332935976, 7.575886533475736], [1.423160000000001, 2.0930120124574185, 8.78802857811006], [-0.7115799999999951, 2.316043991621239, 10.00017062274438], [1.4231600000000066, 2.539075970785059, 11.212312667378699], [-0.7115799999999918, 2.7621079499488808, 12.424454712013018]], "elements": ["C", "C", "C", "C", "C", "C", "C", "C", "C", "C", "C", "C", "C", "C", "C", "C", "C", "C", "C", "C", "C", "C", "C", "C", "C", "C", "C", "C", "C", "C", "C", "C", "C", "C", "C", "C", "C", "C", "C", "C", "C", "C", "C", "C"], "abc": [4.26948, 7.137533, 31.33356], "angles": [90.0, 90.0, 107.4027], "cartesian": true, "props": ["", "", "", "", "", "", "", "", "", "", "", "", "", "", "", "", "", "", "", "", "", "", "", "", "", "", "", "", "", "", "", "", "", "", "", "", "", "", "", "", "", "", "", ""]}}