{"name": "JVASP-1050_Y_1_1_1", "surf_en": 1.0572033802099021, "energy": -61.990313673034535, "perf_atoms": {"directgap": 0.0, "indirectgap": -0.34843504817249876, "energy": -9.558197200386836, "force": "na", "stress": "na"}, "defect_atoms": {"lattice_mat": [[6.2774, 0.0, 0.0], [-3.1387, 5.927311385189747, 0.0], [0.0, 0.0, 30.077552836682685]], "coords": [[2.0924666666666716, 5.608591443152236, 0.43133975439732664], [2.0924666666666707, 0.2352957210430667, 2.1567044453519952], [5.231166666666671, 0.7893099989338985, 3.8820691363066646], [2.092466666666671, 1.3433242768247298, 5.607433827261333], [5.231166666666669, 1.8973385547155603, 7.332798518216003], [2.0924666666666694, 2.451352832606391, 9.05816320917067], [-1.046233333333332, 3.0053671104972226, 10.78352790012534], [4.184933333333339, 2.921942889502778, 1.2940220998746603], [1.0462333333333376, 3.4759571673936094, 3.0193867908293295], [-2.0924666666666623, 4.029971445284441, 4.744751481783998], [1.0462333333333342, 4.583985723175272, 6.470116172738668], [-2.092466666666667, 5.1380000010661036, 8.195480863693337], [1.0462333333333322, 5.692014278956934, 9.920845554648004], [1.0462333333333362, 0.3187185568477658, 11.646210245602674]], "elements": ["Y", "Y", "Y", "Y", "Y", "Y", "Y", "Y", "Y", "Y", "Y", "Y", "Y", "Y"], "abc": [6.2774, 6.707044, 30.07755], "angles": [90.0, 90.0, 117.9026], "cartesian": true, "props": ["", "", "", "", "", "", "", "", "", "", "", "", "", ""]}}