{"name": "JVASP-1014_Ta_1_0_0", "surf_en": 5.894177612168014, "energy": -154.36885382145638, "perf_atoms": {"directgap": 0.0, "indirectgap": -1.2429220849589115, "energy": -20.306149987965366, "force": "na", "stress": "na"}, "defect_atoms": {"lattice_mat": [[3.31168, 0.0, 0.0], [0.0, 3.31168, 0.0], [0.0, 0.0, 44.49344]], "coords": [[2.48376, 2.48376, 0.82792], [2.48376, 2.48376, 4.1396], [2.48376, 2.48376, 7.45128], [2.48376, 2.48376, 10.76296], [2.48376, 2.48376, 14.07464], [2.48376, 2.48376, 17.38632], [2.48376, 2.48376, 20.698], [2.48376, 2.48376, 24.00968], [0.82792, 0.82792, 2.48376], [0.82792, 0.82792, 5.79544], [0.82792, 0.82792, 9.10712], [0.82792, 0.82792, 12.4188], [0.82792, 0.82792, 15.73048], [0.82792, 0.82792, 19.04216], [0.82792, 0.82792, 22.35384], [0.82792, 0.82792, 25.665520000000004]], "elements": ["Ta", "Ta", "Ta", "Ta", "Ta", "Ta", "Ta", "Ta", "Ta", "Ta", "Ta", "Ta", "Ta", "Ta", "Ta", "Ta"], "abc": [3.31168, 3.31168, 44.49344], "angles": [90.0, 90.0, 90.0], "cartesian": true, "props": ["", "", "", "", "", "", "", "", "", "", "", "", "", "", "", ""]}}