{"name": "JVASP-1002_Si_1_0_0", "surf_en": 1.9319142985433895, "energy": -214.91117362798366, "perf_atoms": {"directgap": 1.0612193616730607, "indirectgap": 0.3280652656264309, "energy": -44.439862642775026, "force": "na", "stress": "na"}, "defect_atoms": {"lattice_mat": [[5.49363, 0.0, 0.0], [0.0, 5.49363, 0.0], [0.0, 0.0, 45.46815000000001]], "coords": [[4.80692625, 2.06011125, 2.0601112500000003], [4.80692625, 2.06011125, 7.553741250000001], [4.80692625, 2.06011125, 13.047371250000003], [4.80692625, 2.06011125, 18.54100125], [4.80692625, 2.06011125, 24.03463125], [3.4335187499999997, 3.4335187499999997, 3.43351875], [3.4335187499999997, 3.4335187499999997, 8.927148750000002], [3.4335187499999997, 3.4335187499999997, 14.420778750000002], [3.4335187499999997, 3.4335187499999997, 19.91440875], [3.4335187499999997, 3.4335187499999997, 25.408038750000006], [2.06011125, 4.80692625, 2.0601112500000003], [2.06011125, 4.80692625, 7.553741250000001], [2.06011125, 4.80692625, 13.047371250000003], [2.06011125, 4.80692625, 18.54100125], [2.06011125, 4.80692625, 24.03463125], [0.68670375, 0.68670375, 3.43351875], [0.68670375, 0.68670375, 8.927148750000002], [0.68670375, 0.68670375, 14.420778750000002], [0.68670375, 0.68670375, 19.91440875], [0.68670375, 0.68670375, 25.408038750000006], [4.80692625, 4.80692625, 4.806926250000002], [4.80692625, 4.80692625, 10.30055625], [4.80692625, 4.80692625, 15.79418625], [4.80692625, 4.80692625, 21.287816250000006], [4.80692625, 4.80692625, 26.781446250000005], [3.4335187499999997, 0.68670375, 0.6867037500000006], [3.4335187499999997, 0.68670375, 6.180333750000001], [3.4335187499999997, 0.68670375, 11.673963750000002], [3.4335187499999997, 0.68670375, 17.167593750000005], [3.4335187499999997, 0.68670375, 22.66122375], [2.06011125, 2.06011125, 4.806926250000002], [2.06011125, 2.06011125, 10.30055625], [2.06011125, 2.06011125, 15.79418625], [2.06011125, 2.06011125, 21.287816250000006], [2.06011125, 2.06011125, 26.781446250000005], [0.68670375, 3.4335187499999997, 0.6867037500000006], [0.68670375, 3.4335187499999997, 6.180333750000001], [0.68670375, 3.4335187499999997, 11.673963750000002], [0.68670375, 3.4335187499999997, 17.167593750000005], [0.68670375, 3.4335187499999997, 22.66122375]], "elements": ["Si", "Si", "Si", "Si", "Si", "Si", "Si", "Si", "Si", "Si", "Si", "Si", "Si", "Si", "Si", "Si", "Si", "Si", "Si", "Si", "Si", "Si", "Si", "Si", "Si", "Si", "Si", "Si", "Si", "Si", "Si", "Si", "Si", "Si", "Si", "Si", "Si", "Si", "Si", "Si"], "abc": [5.49363, 5.49363, 45.46815], "angles": [90.0, 90.0, 90.0], "cartesian": true, "props": ["", "", "", "", "", "", "", "", "", "", "", "", "", "", "", "", "", "", "", "", "", "", "", "", "", "", "", "", "", "", "", "", "", "", "", "", "", "", "", ""]}}