{"name": "JVASP-910_La_1_1_1", "surf_en": 0.9953578060816659, "energy": -128.64567180835093, "perf_atoms": {"directgap": 0.06458769178218356, "indirectgap": -0.25290816950558914, "energy": -19.774419327826447, "force": "na", "stress": "na"}, "defect_atoms": {"lattice_mat": [[6.47448, 0.0, 0.0], [-3.23724, 12.134847949723145, 0.0], [0.0, 0.0, 30.927026643179236]], "coords": [[4.046550000000001, 6.612727143160551, 0.23084143989572659], [0.8093100000000015, 6.900595254477077, 2.077559531778474], [4.046550000000001, 7.188463365793601, 3.924277623661222], [0.8093100000000018, 7.476331477110126, 5.77099571554397], [4.0465500000000025, 7.764199588426649, 7.617713807426718], [0.8093099999999994, 8.052067699743175, 9.464431899309465], [4.0465500000000025, 8.339935811059698, 11.311149991192213], [4.046550000000002, 0.6892351736803854, 1.1542004858371004], [0.809310000000002, 0.9771032849969091, 3.000918577719849], [4.046550000000001, 1.2649713963134344, 4.847636669602596], [0.8093100000000023, 1.552839507629958, 6.694354761485344], [4.0465500000000025, 1.840707618946483, 8.541072853368092], [0.8093099999999998, 2.128575730263007, 10.387790945250838], [4.04655, 2.416443841579532, 12.234509037133588], [-1.348849999999999, 9.86234021407873, 1.6158800088077876], [1.8883900000000007, 10.150208325395253, 3.4625981006905353], [-1.3488500000000003, 10.438076436711778, 5.309316192573283], [1.8883899999999998, 10.725944548028304, 7.15603428445603], [-1.3488499999999999, 11.013812659344827, 9.002752376338776], [1.8883900000000005, 11.301680770661351, 10.849470468221524], [-1.3488500000000023, 11.589548881977876, 12.696188560104272], [-0.2697699999999988, 3.65098013328204, 0.6925209628664132], [2.967470000000001, 3.9388482445985655, 2.5392390547491615], [-0.26976999999999707, 4.226716355915089, 4.385957146631909], [2.9674700000000014, 4.514584467231613, 6.232675238514656], [-0.26976999999999807, 4.802452578548138, 8.079393330397403], [2.967469999999999, 5.090320689864662, 9.92611142228015], [-0.2697700000000007, 5.378188801181187, 11.772829514162899]], "elements": ["La", "La", "La", "La", "La", "La", "La", "La", "La", "La", "La", "La", "La", "La", "La", "La", "La", "La", "La", "La", "La", "La", "La", "La", "La", "La", "La", "La"], "abc": [6.47448, 12.559232, 30.92703], "angles": [90.0, 90.0, 104.9371], "cartesian": true, "props": ["", "", "", "", "", "", "", "", "", "", "", "", "", "", "", "", "", "", "", "", "", "", "", "", "", "", "", ""]}}