{"name": "JVASP-14837_V_1_1_0", "surf_en": 1329.653974955714, "energy": 1943.70167661042, "perf_atoms": {"directgap": 0.0, "indirectgap": -1.1599144247231257, "energy": -17.286372507349025, "force": "na", "stress": "na"}, "defect_atoms": {"lattice_mat": [[4.226377231151995, 0.0, 0.0], [0.0, 2.9885, 0.0], [0.0, 0.0, 37.01869754018398]], "coords": [[3.1697912299080135, 2.241375, 1.0565955376960101], [1.0565998454840109, 2.241375, 3.169784153272007], [3.1697884610600084, 2.241375, 5.282972768848005], [1.056597076636005, 2.241375, 7.396161384424001], [3.1697856922120033, 2.241375, 9.50935], [1.056594307788002, 2.241375, 11.622538615575998], [3.1697829233639965, 2.241375, 13.735727231151992], [1.0565915389399934, 2.241375, 15.848915846727987], [3.1697801545159936, 2.241375, 17.96210446230399], [1.05659984548401, 0.7471249999999997, 1.0565955376960101], [3.1697884610600076, 0.7471249999999997, 3.169784153272007], [1.056597076636005, 0.7471249999999997, 5.282972768848005], [3.1697856922120016, 0.7471249999999997, 7.396161384424001], [1.0565943077880002, 0.7471249999999997, 9.50935], [3.1697829233639987, 0.7471249999999997, 11.622538615575998], [1.0565915389399951, 0.7471249999999997, 13.735727231151992], [3.1697801545159936, 0.7471249999999997, 15.84891584672799], [1.056588770091994, 0.7471249999999997, 17.96210446230399]], "elements": ["V", "V", "V", "V", "V", "V", "V", "V", "V", "V", "V", "V", "V", "V", "V", "V", "V", "V"], "abc": [4.22638, 2.9885, 37.0187], "angles": [90.0, 90.0, 90.0], "cartesian": true, "props": ["", "", "", "", "", "", "", "", "", "", "", "", "", "", "", "", "", ""]}}