{"name": "JVASP-825_Au_1_1_1", "surf_en": 1.159034082282172, "energy": -102.52308211026903, "perf_atoms": {"directgap": 0.0, "indirectgap": -0.6047366846808181, "energy": -15.26441247089267, "force": "na", "stress": "na"}, "defect_atoms": {"lattice_mat": [[5.873073361043603, 0.0, 0.0], [2.936536680521802, 5.086230728953416, 0.0], [0.0, 0.0, 34.78370511590433]], "coords": [[6.6071974480432445, 3.81467304671506, 1.1988385217552846], [3.6706641285650456, 2.1192628037305883, 3.5965106811701895], [0.7341308090868455, 0.4238525607461169, 5.994182840585094], [6.607207489608647, 3.8146723177616444, 8.391855], [3.670674170130446, 2.1192620747771733, 10.789527159414904], [0.7341408506522493, 0.4238518317927014, 13.18719931882981], [6.60721753117405, 3.814671588808229, 15.584871478244715], [5.138925788304147, 1.2715584111917684, 1.1988385217552846], [5.138932468825946, 4.6623781682072964, 3.5965106811701895], [2.202399149347747, 2.966967925222825, 5.994182840585094], [5.1389358298695464, 1.2715576822383534, 8.391855], [5.138942510391347, 4.662377439253881, 10.789527159414904], [2.20240919091315, 2.966967196269408, 13.18719931882981], [5.138945871434952, 1.2715569532849387, 15.584871478244715], [3.6706641285650474, 3.81467304671506, 1.1988385217552846], [6.607200809086846, 2.1192628037305887, 3.5965106811701895], [3.6706674896086464, 0.4238525607461169, 5.994182840585094], [3.670674170130447, 3.8146723177616444, 8.391854999999998], [6.6072108506522484, 2.1192620747771733, 10.789527159414904], [3.6706775311740527, 0.4238518317927026, 13.18719931882981], [3.6706842116958525, 3.814671588808229, 15.584871478244713], [2.202392468825946, 1.2715584111917684, 1.1988385217552846], [8.075469149347747, 4.662378168207297, 3.5965106811701895], [5.1389358298695464, 2.966967925222825, 5.994182840585094], [2.2024025103913485, 1.2715576822383523, 8.391855], [8.07547919091315, 4.662377439253881, 10.789527159414906], [5.138945871434951, 2.966967196269411, 13.187199318829812], [2.2024125519567543, 1.2715569532849387, 15.584871478244713]], "elements": ["Au", "Au", "Au", "Au", "Au", "Au", "Au", "Au", "Au", "Au", "Au", "Au", "Au", "Au", "Au", "Au", "Au", "Au", "Au", "Au", "Au", "Au", "Au", "Au", "Au", "Au", "Au", "Au"], "abc": [5.87307, 5.873074, 34.78371], "angles": [90.0, 90.0, 60.0], "cartesian": true, "props": ["", "", "", "", "", "", "", "", "", "", "", "", "", "", "", "", "", "", "", "", "", "", "", "", "", "", "", ""]}}