{"name": "JVASP-14606_Ag_1_1_0", "surf_en": 1.3072123152094057, "energy": -85.44294587712014, "perf_atoms": {"directgap": 0.0, "indirectgap": -0.5182065745846282, "energy": -12.767586980118637, "force": "na", "stress": "na"}, "defect_atoms": {"lattice_mat": [[5.832230873362268, 0.0, 0.0], [0.0, 4.12401, 0.0], [0.0, 0.0, 38.41280805676793]], "coords": [[0.729027112445749, 3.0930075, 0.7290298307863203], [3.6451425491268825, 3.0930075, 3.645145267467452], [0.7290279858080173, 3.0930075, 6.561260704148584], [3.645143422489152, 3.0930075, 9.477376140829717], [0.7290288591702856, 3.0930075, 12.393491577510847], [3.6451442958514204, 3.0930075, 15.309607014191979], [0.7290297325325552, 3.0930075, 18.22572245087311], [5.103200267467451, 1.0310025, 2.1870875491268857], [2.187085704148586, 1.0310025, 5.103202985808018], [5.10320114082972, 1.0310025, 8.01931842248915], [2.1870865775108568, 1.0310025, 10.935433859170283], [5.103202014191989, 1.0310025, 13.851549295851415], [2.1870874508731215, 1.0310025, 16.76766473253255], [5.103202887554256, 1.0310025, 19.68378016921368], [2.1870848307863167, 1.0310025, 2.1870875491268866], [5.103200267467451, 1.0310025, 5.103202985808019], [2.187085704148586, 1.0310025, 8.019318422489151], [5.10320114082972, 1.0310025, 10.935433859170283], [2.1870865775108546, 1.0310025, 13.851549295851415], [5.103202014191984, 1.0310025, 16.767664732532545], [2.1870874508731215, 1.0310025, 19.68378016921368], [3.645142549126884, 3.0930075, 0.7290298307863192], [0.7290279858080173, 3.0930075, 3.645145267467452], [3.6451434224891535, 3.0930075, 6.561260704148584], [0.7290288591702883, 3.0930075, 9.477376140829715], [3.6451442958514204, 3.0930075, 12.393491577510847], [0.7290297325325501, 3.0930075, 15.309607014191975], [3.6451451692136874, 3.0930075, 18.22572245087311]], "elements": ["Ag", "Ag", "Ag", "Ag", "Ag", "Ag", "Ag", "Ag", "Ag", "Ag", "Ag", "Ag", "Ag", "Ag", "Ag", "Ag", "Ag", "Ag", "Ag", "Ag", "Ag", "Ag", "Ag", "Ag", "Ag", "Ag", "Ag", "Ag"], "abc": [5.83223, 4.12401, 38.41281], "angles": [90.0, 90.0, 90.0], "cartesian": true, "props": ["", "", "", "", "", "", "", "", "", "", "", "", "", "", "", "", "", "", "", "", "", "", "", "", "", "", "", ""]}}