{"name": "JVASP-14837_V_1_1_1", "surf_en": 3.369843460457482, "energy": -149.06126536283327, "perf_atoms": {"directgap": 0.0, "indirectgap": -1.1599144247231257, "energy": -17.286372507349025, "force": "na", "stress": "na"}, "defect_atoms": {"lattice_mat": [[4.226377231151995, 0.0, 0.0], [2.1131886155759974, 3.660150048153764, 0.0], [0.0, 0.0, 33.528701515258774]], "coords": [[1.056601229908012, 0.6100250561793885, 0.4313520622389144], [5.282979845484009, 3.0501250401281346, 2.1567633417121113], [3.1697884610600076, 1.8300750240768808, 3.8821746211853077], [1.0565970766360047, 0.6100250080256266, 5.607585900658504], [5.282975692212003, 3.050124991974373, 7.332997180131701], [3.1697843077880035, 1.830074975923118, 9.058408459604898], [1.0565929233639972, 0.6100249598718649, 10.783819739078092], [5.282971538939995, 3.0501249438206113, 12.50923101855129], [3.169780154515994, 1.830074927769358, 14.234642298024488], [3.1697898454840105, 1.8300750722306434, 1.2940577019755124], [1.0565984610600074, 0.6100250561793893, 3.019468981448709], [5.282977076636005, 3.0501250401281355, 4.744880260921906], [3.169785692212002, 1.8300750240768817, 6.4702915403951025], [1.0565943077879978, 0.6100250080256283, 8.195702819868298], [5.2829729233639995, 3.050124991974373, 9.921114099341498], [3.1697815389399975, 1.8300749759231199, 11.646525378814692], [1.0565901545159933, 0.6100249598718664, 13.371936658287886], [5.282968770091991, 3.0501249438206113, 15.097347937761084]], "elements": ["V", "V", "V", "V", "V", "V", "V", "V", "V", "V", "V", "V", "V", "V", "V", "V", "V", "V"], "abc": [4.22638, 4.226378, 33.5287], "angles": [90.0, 90.0, 60.0], "cartesian": true, "props": ["", "", "", "", "", "", "", "", "", "", "", "", "", "", "", "", "", ""]}}