{"name": "JVASP-14606_Ag_1_1_1", "surf_en": 1.062352678034845, "energy": -85.46128963533218, "perf_atoms": {"directgap": 0.0, "indirectgap": -0.5182065745846282, "energy": -12.767586980118637, "force": "na", "stress": "na"}, "defect_atoms": {"lattice_mat": [[5.832230873362268, 0.0, 0.0], [2.916115436681134, 5.050860097067628, 0.0], [0.0, 0.0, 34.66698798548496]], "coords": [[6.561257112445747, 3.788145072800718, 1.1905001490778753], [3.6451425491268816, 2.104525040444843, 3.5714984327185837], [0.729027985808016, 0.42090500808896786, 5.952496716359292], [6.5612634224891515, 3.7881449757330925, 8.333495], [3.6451488591702845, 2.1045249433772177, 10.714493283640707], [0.7290342958514181, 0.42090491102134314, 13.095491567281414], [6.561269732532556, 3.788144878665467, 15.476489850922123], [5.103194830786313, 1.2627151213345311, 1.1905001490778753], [5.103200267467447, 4.629955088978656, 3.5714984327185837], [2.1870857041485827, 2.9463350566227815, 5.952496716359292], [5.103201140829718, 1.2627150242669063, 8.333495], [5.103206577510852, 4.629954991911032, 10.714493283640707], [2.187092014191982, 2.946334959555157, 13.095491567281414], [5.10320745087312, 1.262714927199281, 15.476489850922123], [3.645142549126882, 3.7881450728007184, 1.1905001490778753], [6.561257985808015, 2.1045250404448432, 3.571498432718583], [3.6451434224891517, 0.4209050080889673, 5.952496716359292], [3.6451488591702863, 3.7881449757330925, 8.333494999999997], [6.56126429585142, 2.104524943377219, 10.714493283640707], [3.6451497325325475, 0.42090491102134314, 13.095491567281414], [3.645155169213688, 3.788144878665467, 15.476489850922123], [2.187080267467448, 1.2627151213345311, 1.1905001490778753], [8.019315704148582, 4.629955088978657, 3.571498432718582], [5.103201140829717, 2.9463350566227815, 5.952496716359292], [2.1870865775108532, 1.262715024266907, 8.333494999999997], [8.019322014191987, 4.629954991911032, 10.714493283640707], [5.1032074508731196, 2.946334959555157, 13.095491567281414], [2.187092887554252, 1.262714927199281, 15.476489850922123]], "elements": ["Ag", "Ag", "Ag", "Ag", "Ag", "Ag", "Ag", "Ag", "Ag", "Ag", "Ag", "Ag", "Ag", "Ag", "Ag", "Ag", "Ag", "Ag", "Ag", "Ag", "Ag", "Ag", "Ag", "Ag", "Ag", "Ag", "Ag", "Ag"], "abc": [5.83223, 5.832233, 34.66699], "angles": [90.0, 90.0, 60.0], "cartesian": true, "props": ["", "", "", "", "", "", "", "", "", "", "", "", "", "", "", "", "", "", "", "", "", "", "", "", "", "", "", ""]}}