{"name": "JVASP-910_La_1_0_1", "surf_en": 0.9512739170441706, "energy": -132.90067294185076, "perf_atoms": {"directgap": 0.06458769178218356, "indirectgap": -0.25290816950558914, "energy": -19.774419327826447, "force": "na", "stress": "na"}, "defect_atoms": {"lattice_mat": [[12.559229357094328, 0.0, 0.0], [0.5562818642891934, 3.6964184104972397, 0.0], [0.0, 0.0, 39.877301915278636]], "coords": [[5.207182000005154, 1.5789487104082067, 0.39066514799065666], [6.319743864294347, 3.30158334319497, 3.515993993030463], [6.876025728583541, 1.3277979759817338, 6.641322838070268], [7.988587592872734, 3.0504326087684976, 9.766651683110075], [8.544869457161928, 1.0766472415552608, 12.891980528149878], [9.65743132145112, 2.7992818743420265, 16.017309373189686], [10.213713185740312, 0.8254965071287887, 19.142638218229493], [12.04307854284151, 2.440265232050209, 1.9533295705105604], [12.599360407130705, 0.466479864836972, 5.0786584155503665], [1.152692271419898, 2.1891144976237356, 8.203987260590171], [1.7089741357090922, 0.21532913041049906, 11.32931610562998], [2.821535999998285, 1.9379637631972622, 14.454644950669781], [3.9340978642874767, 3.6605983959840294, 17.579973795709588], [4.490379728576673, 1.6868130287707899, 20.705302640749398], [8.625130271423334, 1.064573008277462, 1.6928855000905751], [9.737692135712527, 2.7872076410642252, 4.818214345130381], [10.29397400000172, 0.813422273850989, 7.943543190170186], [11.406535864290914, 2.536056906637752, 11.06887203520999], [11.962817728580106, 0.5622715394245145, 14.194200880249799], [0.5161495928693001, 2.28490617221128, 17.319529725289602], [1.0724314571584939, 0.3111208049980407, 20.444858570329412], [2.3455168142596885, 0.11953745582295583, 2.2137736409305457], [3.458078678548883, 1.8421720886097206, 5.339102485970351], [4.570640542838077, 3.5648067213964834, 8.464431331010157], [5.126922407127269, 1.5910213541832467, 11.589760176049964], [6.239484271416464, 3.313655986970009, 14.715089021089765], [6.795766135705655, 1.3398706197567753, 17.840417866129567], [7.908327999994852, 3.0625052525435374, 20.96574671116938]], "elements": ["La", "La", "La", "La", "La", "La", "La", "La", "La", "La", "La", "La", "La", "La", "La", "La", "La", "La", "La", "La", "La", "La", "La", "La", "La", "La", "La", "La"], "abc": [12.55923, 3.738043, 39.8773], "angles": [90.0, 90.0, 81.4417], "cartesian": true, "props": ["", "", "", "", "", "", "", "", "", "", "", "", "", "", "", "", "", "", "", "", "", "", "", "", "", "", "", ""]}}