{"name": "JVASP-14606_Ag_1_0_0", "surf_en": 8.209789601695956, "energy": -71.91965188818037, "perf_atoms": {"directgap": 0.0, "indirectgap": -0.5182065745846282, "energy": -12.767586980118637, "force": "na", "stress": "na"}, "defect_atoms": {"lattice_mat": [[4.12401, 0.0, 0.0], [0.0, 4.12401, 0.0], [0.0, 0.0, 46.868069999999996]], "coords": [[3.0930075, 3.0930075, 1.0310025000000012], [3.0930075, 3.0930075, 5.155012500000001], [3.0930075, 3.0930075, 9.2790225], [3.0930075, 3.0930075, 13.4030325], [3.0930075, 3.0930075, 17.5270425], [3.0930075, 3.0930075, 21.6510525], [3.0930075, 3.0930075, 25.775062499999997], [1.0310025, 1.0310025, 1.0310025000000012], [1.0310025, 1.0310025, 5.155012500000001], [1.0310025, 1.0310025, 9.2790225], [1.0310025, 1.0310025, 13.4030325], [1.0310025, 1.0310025, 17.5270425], [1.0310025, 1.0310025, 21.6510525], [1.0310025, 1.0310025, 25.775062499999997], [3.0930075, 1.0310025, 3.093007500000002], [3.0930075, 1.0310025, 7.2170175], [3.0930075, 1.0310025, 11.341027500000001], [3.0930075, 1.0310025, 15.4650375], [3.0930075, 1.0310025, 19.5890475], [3.0930075, 1.0310025, 23.713057499999998], [3.0930075, 1.0310025, 27.837067499999996], [1.0310025, 3.0930075, 3.093007500000002], [1.0310025, 3.0930075, 7.2170175], [1.0310025, 3.0930075, 11.341027500000001], [1.0310025, 3.0930075, 15.4650375], [1.0310025, 3.0930075, 19.5890475], [1.0310025, 3.0930075, 23.713057499999998], [1.0310025, 3.0930075, 27.837067499999996]], "elements": ["Ag", "Ag", "Ag", "Ag", "Ag", "Ag", "Ag", "Ag", "Ag", "Ag", "Ag", "Ag", "Ag", "Ag", "Ag", "Ag", "Ag", "Ag", "Ag", "Ag", "Ag", "Ag", "Ag", "Ag", "Ag", "Ag", "Ag", "Ag"], "abc": [4.12401, 4.12401, 46.86807], "angles": [90.0, 90.0, 90.0], "cartesian": true, "props": ["", "", "", "", "", "", "", "", "", "", "", "", "", "", "", "", "", "", "", "", "", "", "", "", "", "", "", ""]}}