{"name": "JVASP-867_Cu_1_1_0", "surf_en": 4.334379934427159, "energy": -108.2774558452256, "perf_atoms": {"directgap": 0.0, "indirectgap": -0.8367534232567361, "energy": -16.9075362311164, "force": "na", "stress": "na"}, "defect_atoms": {"lattice_mat": [[5.128235362012941, 0.0, 0.0], [0.0, 3.62621, 0.0], [0.0, 0.0, 35.9488237670453]], "coords": [[0.6410386962257378, 2.7196575, 0.6410275367289715], [3.205156377232208, 2.7196575, 3.205145217735442], [0.6410340582386775, 2.7196575, 5.769262898741912], [3.205151739245148, 2.7196575, 8.333380579748383], [0.6410294202516172, 2.7196575, 10.897498260754855], [3.2051471012580874, 2.7196575, 13.461615941761325], [0.6410247822645586, 2.7196575, 16.025733622767795], [4.487215217735444, 0.9065525, 1.9230863772322067], [1.9230928987419125, 0.9065525, 4.487204058238676], [4.487210579748383, 0.9065525, 7.0513217392451475], [1.923088260754853, 0.9065525, 9.615439420251617], [4.487205941761322, 0.9065525, 12.179557101258087], [1.9230836227677932, 0.9065525, 14.743674782264558], [4.487201303774264, 0.9065525, 17.307792463271028], [1.9230975367289735, 0.9065525, 1.9230863772322067], [4.487215217735444, 0.9065525, 4.487204058238677], [1.9230928987419125, 0.9065525, 7.0513217392451475], [4.487210579748383, 0.9065525, 9.615439420251617], [1.923088260754853, 0.9065525, 12.179557101258087], [4.487205941761324, 0.9065525, 14.743674782264558], [1.9230836227677932, 0.9065525, 17.307792463271028], [3.205156377232208, 2.7196575, 0.6410275367289715], [0.6410340582386775, 2.7196575, 3.205145217735443], [3.205151739245148, 2.7196575, 5.769262898741912], [0.6410294202516172, 2.7196575, 8.333380579748383], [3.2051471012580874, 2.7196575, 10.897498260754855], [0.6410247822645586, 2.7196575, 13.461615941761325], [3.2051424632710277, 2.7196575, 16.025733622767792]], "elements": ["Cu", "Cu", "Cu", "Cu", "Cu", "Cu", "Cu", "Cu", "Cu", "Cu", "Cu", "Cu", "Cu", "Cu", "Cu", "Cu", "Cu", "Cu", "Cu", "Cu", "Cu", "Cu", "Cu", "Cu", "Cu", "Cu", "Cu", "Cu"], "abc": [5.12824, 3.62621, 35.94882], "angles": [90.0, 90.0, 90.0], "cartesian": true, "props": ["", "", "", "", "", "", "", "", "", "", "", "", "", "", "", "", "", "", "", "", "", "", "", "", "", "", "", ""]}}