{"name": "JVASP-963_Pd_1_0_0", "surf_en": 11.460414354648035, "energy": -101.57299666426216, "perf_atoms": {"directgap": 1.3103899157061172e-13, "indirectgap": -0.31100200533637756, "energy": -17.683886693119284, "force": "na", "stress": "na"}, "defect_atoms": {"lattice_mat": [[3.93786, 0.0, 0.0], [0.0, 3.93786, 0.0], [0.0, 0.0, 45.56502]], "coords": [[2.953395, 2.953395, 2.9533949999999987], [2.953395, 2.953395, 6.891255], [2.953395, 2.953395, 10.829114999999998], [2.953395, 2.953395, 14.766974999999997], [2.953395, 2.953395, 18.704835], [2.953395, 2.953395, 22.642694999999996], [2.953395, 2.953395, 26.580554999999997], [0.984465, 0.984465, 2.9533949999999987], [0.984465, 0.984465, 6.891255], [0.984465, 0.984465, 10.829114999999998], [0.984465, 0.984465, 14.766974999999997], [0.984465, 0.984465, 18.704835], [0.984465, 0.984465, 22.642694999999996], [0.984465, 0.984465, 26.580554999999997], [2.953395, 0.984465, 0.9844649999999996], [2.953395, 0.984465, 4.922324999999998], [2.953395, 0.984465, 8.860184999999998], [2.953395, 0.984465, 12.798044999999998], [2.953395, 0.984465, 16.735904999999995], [2.953395, 0.984465, 20.673764999999996], [2.953395, 0.984465, 24.611625], [0.984465, 2.953395, 0.9844649999999996], [0.984465, 2.953395, 4.922324999999998], [0.984465, 2.953395, 8.860184999999998], [0.984465, 2.953395, 12.798044999999998], [0.984465, 2.953395, 16.735904999999995], [0.984465, 2.953395, 20.673764999999996], [0.984465, 2.953395, 24.611625]], "elements": ["Pd", "Pd", "Pd", "Pd", "Pd", "Pd", "Pd", "Pd", "Pd", "Pd", "Pd", "Pd", "Pd", "Pd", "Pd", "Pd", "Pd", "Pd", "Pd", "Pd", "Pd", "Pd", "Pd", "Pd", "Pd", "Pd", "Pd", "Pd"], "abc": [3.93786, 3.93786, 45.56502], "angles": [90.0, 90.0, 90.0], "cartesian": true, "props": ["", "", "", "", "", "", "", "", "", "", "", "", "", "", "", "", "", "", "", "", "", "", "", "", "", "", "", ""]}}