{"name": "JVASP-25273_Hg_1_1_1", "surf_en": 0.4856050070610571, "energy": -5.552318234380198, "perf_atoms": {"directgap": 0.13890750235516117, "indirectgap": -2.070065744333545, "energy": -1.2018858043368736, "force": "na", "stress": "na"}, "defect_atoms": {"lattice_mat": [[5.543665773276741, 0.0, 0.0], [1.6570016578705893, 4.930094975932423, 0.0], [0.0, 0.0, 30.17928970664775]], "coords": [[5.114182853697789, 1.43363271409797, 1.0149409555634372], [3.4571769691039407, 0.3671701308655398, 3.0448225733380623], [3.4571710845100916, 4.2307975476331094, 5.074704191112687], [1.8001651999162442, 3.164334964400679, 7.104585808887314], [5.686829315322393, 2.0978723811682483, 9.134467426661939], [4.029823430728546, 1.0314097979358177, 11.164349044436563], [3.1708465692714545, 3.898680202064181, 1.0149409555634372], [1.513840684677606, 2.8322176188317516, 3.0448225733380614], [5.400504800083758, 1.765755035599321, 5.074704191112687], [3.743498915489913, 0.6992924523668899, 7.104585808887314], [3.743493030896058, 4.5629198691344595, 9.134467426661939], [2.0864871463022148, 3.496457285902028, 11.164349044436563]], "elements": ["Hg", "Hg", "Hg", "Hg", "Hg", "Hg", "Hg", "Hg", "Hg", "Hg", "Hg", "Hg"], "abc": [5.54367, 5.2011, 30.17929], "angles": [90.0, 90.0, 71.4225], "cartesian": true, "props": ["", "", "", "", "", "", "", "", "", "", "", ""]}}