{"name": "JVASP-21195_Mo_1_1_0", "surf_en": 3.124765321919468, "energy": -174.04528200077874, "perf_atoms": {"directgap": 7.55267962943007e-16, "indirectgap": -0.5945750296654738, "energy": -22.446230723555928, "force": "na", "stress": "na"}, "defect_atoms": {"lattice_mat": [[4.472422106733665, 0.0, 0.0], [0.0, 3.16248, 0.0], [0.0, 0.0, 35.88968842693466]], "coords": [[4.472415786532668, 2.37186, 1.1181063132160858], [2.236206839899501, 2.37186, 3.3543173665829182], [4.472417893266334, 2.37186, 5.590528419949751], [2.236208946633165, 2.37186, 7.826739473316582], [0.0, 2.37186, 10.062950526683418], [2.2362110533668313, 2.37186, 12.29916158005025], [2.1067336629795894e-06, 2.37186, 14.53537263341708], [2.2362131601004984, 2.37186, 16.771583686783917], [2.236206839899501, 0.79062, 1.1181063132160858], [4.472417893266333, 0.79062, 3.3543173665829182], [2.236208946633165, 0.79062, 5.590528419949751], [4.472419999999998, 0.79062, 7.826739473316582], [2.2362110533668313, 0.79062, 10.062950526683416], [2.1067336669518965e-06, 0.79062, 12.299161580050251], [2.236213160100496, 0.79062, 14.53537263341708], [4.21346733191764e-06, 0.79062, 16.771583686783917]], "elements": ["Mo", "Mo", "Mo", "Mo", "Mo", "Mo", "Mo", "Mo", "Mo", "Mo", "Mo", "Mo", "Mo", "Mo", "Mo", "Mo"], "abc": [4.47242, 3.16248, 35.88969], "angles": [90.0, 90.0, 90.0], "cartesian": true, "props": ["", "", "", "", "", "", "", "", "", "", "", "", "", "", "", ""]}}