{"name": "JVASP-934_Nb_1_0_0", "surf_en": 3.1912586608279043, "energy": -155.9220671535995, "perf_atoms": {"directgap": 0.0, "indirectgap": -1.092691004980732, "energy": -20.039565043617856, "force": "na", "stress": "na"}, "defect_atoms": {"lattice_mat": [[3.31907, 0.0, 0.0], [0.0, 3.31907, 0.0], [0.0, 0.0, 44.55256]], "coords": [[2.4893025, 2.4893025, 0.8297675], [2.4893025, 2.4893025, 4.1488375], [2.4893025, 2.4893025, 7.4679075], [2.4893025, 2.4893025, 10.786977499999999], [2.4893025, 2.4893025, 14.106047499999999], [2.4893025, 2.4893025, 17.4251175], [2.4893025, 2.4893025, 20.7441875], [2.4893025, 2.4893025, 24.0632575], [0.8297675, 0.8297675, 2.4893025], [0.8297675, 0.8297675, 5.8083725], [0.8297675, 0.8297675, 9.1274425], [0.8297675, 0.8297675, 12.4465125], [0.8297675, 0.8297675, 15.7655825], [0.8297675, 0.8297675, 19.0846525], [0.8297675, 0.8297675, 22.403722499999997], [0.8297675, 0.8297675, 25.7227925]], "elements": ["Nb", "Nb", "Nb", "Nb", "Nb", "Nb", "Nb", "Nb", "Nb", "Nb", "Nb", "Nb", "Nb", "Nb", "Nb", "Nb"], "abc": [3.31907, 3.31907, 44.55256], "angles": [90.0, 90.0, 90.0], "cartesian": true, "props": ["", "", "", "", "", "", "", "", "", "", "", "", "", "", "", ""]}}