{"name": "JVASP-7804_Se_1_1_1", "surf_en": 0.4599705837990418, "energy": -63.05404668648678, "perf_atoms": {"directgap": 0.8068772470041329, "indirectgap": 0.7811225244029827, "energy": -10.89937084953504, "force": "na", "stress": "na"}, "defect_atoms": {"lattice_mat": [[6.654373906213867, 0.0, 0.0], [2.608709913142966, 6.121709293389357, 0.0], [0.0, 0.0, 29.7478683120272]], "coords": [[7.594685742984595, 5.329160092456711, 1.4433595191105586], [3.637425800256927, 2.713916686169454, 3.401337571115091], [6.33453585752926, 0.0986732798821992, 5.359315623119625], [4.985985914801596, 3.605139873594943, 7.31729367512416], [1.0287259720739226, 0.989896467307687, 9.27527172712869], [6.334546029346255, 4.496363061020431, 11.233249779133226], [6.275597188108266, 3.4144208299641297, 0.7029099224130644], [2.3183372453805995, 0.7991774236768739, 2.6608879744175984], [7.6241573026529315, 4.305644017389619, 4.618866026422132], [3.6668973599252643, 1.690400611102363, 6.576844078426665], [2.3183474171975935, 5.196867204815107, 8.534822130431198], [5.015457474469929, 2.581623798527851, 10.492800182435731], [3.2189016393646495, 4.749034624733578, 0.7907001684423807], [5.916011696636982, 2.1337912184463215, 2.748678220446914], [4.567461753909313, 5.640257812159066, 4.706656272451446], [7.264571811181648, 3.02501440587181, 6.664634324455982], [3.3073118684539793, 0.40977099958455415, 8.622612376460513], [1.9587619257263098, 3.9162375932973013, 10.580590428465047]], "elements": ["Se", "Se", "Se", "Se", "Se", "Se", "Se", "Se", "Se", "Se", "Se", "Se", "Se", "Se", "Se", "Se", "Se", "Se"], "abc": [6.65437, 6.654375, 29.74787], "angles": [90.0, 90.0, 66.9192], "cartesian": true, "props": ["", "", "", "", "", "", "", "", "", "", "", "", "", "", "", "", "", ""]}}