{"name": "JVASP-25250_N_1_1_1", "surf_en": 4.026568763170936, "energy": -214.06535396406153, "perf_atoms": {"directgap": 7.721643565766648, "indirectgap": 7.243710207653541, "energy": -32.92580166635627, "force": "na", "stress": "na"}, "defect_atoms": {"lattice_mat": [[5.574462167348523, 0.0, 0.0], [-2.7872310836742615, 5.850589125361651, 0.0], [0.0, 0.0, 35.15427535765281]], "coords": [[4.877648978058651, 0.8040888603798324, 1.962925500537441], [2.0904200617329125, 2.1319307148221043, 4.413536265916412], [-0.6968088545928273, 3.459772569264376, 6.864147031295384], [2.0904222290814336, 4.787614423706647, 9.314757796674355], [2.0904233127556977, 0.2648662781489188, 11.765368562053327], [-0.6968056035700426, 1.59270813259119, 14.215979327432297], [2.0904254801042175, 2.9205499870334597, 16.66659009281127], [2.6450951275325245, 3.3297117180135967, 1.2253077038630866], [-0.14213378879321384, 4.6575535724558685, 3.6759184692420583], [5.432327294881048, 0.13480542689814, 6.12652923462103], [2.6450983785553075, 1.4626472813404112, 8.57714], [-0.14213053777042778, 2.7904891357826824, 11.027750765378974], [2.645100545903829, 4.118330990224954, 13.478361530757944], [-0.14212837042190848, 5.446172844667225, 15.928972296136918], [2.0904200617329116, 0.004745450285711661, 0.4876899071887324], [4.8776511454071745, 1.3325873047279828, 2.938300672567704], [2.090422229081436, 2.660429159170255, 5.3889114379466765], [-0.6968066872443025, 3.988271013612526, 7.839522203325648], [2.0904243964299565, 5.316112868054797, 10.290132968704619], [2.090425480104219, 0.7933647224970685, 12.740743734083589], [-0.6968034362215246, 2.121206576939341, 15.191354499462562], [1.535742828584778, 3.3297117180135976, 1.2253077038630866], [-1.2514860877409606, 4.657553572455869, 3.6759184692420592], [4.3229749959333, 0.13480542689814, 6.12652923462103], [1.5357460796075613, 1.4626472813404112, 8.577139999999998], [-1.2514828367181767, 2.7904891357826824, 11.027750765378974], [1.5357482469560815, 4.118330990224952, 13.47836153075794], [-1.2514806693696574, 5.446172844667225, 15.928972296136918]], "elements": ["N", "N", "N", "N", "N", "N", "N", "N", "N", "N", "N", "N", "N", "N", "N", "N", "N", "N", "N", "N", "N", "N", "N", "N", "N", "N", "N", "N"], "abc": [5.57446, 6.480591, 35.15428], "angles": [90.0, 90.0, 115.4732], "cartesian": true, "props": ["", "", "", "", "", "", "", "", "", "", "", "", "", "", "", "", "", "", "", "", "", "", "", "", "", "", "", ""]}}