{"name": "JVASP-825_Au_1_0_0", "surf_en": 24.985762284464453, "energy": -52.986283157787234, "perf_atoms": {"directgap": 0.0, "indirectgap": -0.6047366846808181, "energy": -15.26441247089267, "force": "na", "stress": "na"}, "defect_atoms": {"lattice_mat": [[4.15289, 0.0, 0.0], [0.0, 4.15289, 0.0], [0.0, 0.0, 47.070229999999995]], "coords": [[3.1146675000000004, 3.1146675000000004, 1.0382224999999994], [3.1146675000000004, 3.1146675000000004, 5.191112499999999], [3.1146675000000004, 3.1146675000000004, 9.344002499999998], [3.1146675000000004, 3.1146675000000004, 13.496892499999998], [3.1146675000000004, 3.1146675000000004, 17.649782499999997], [3.1146675000000004, 3.1146675000000004, 21.8026725], [3.1146675000000004, 3.1146675000000004, 25.955562499999996], [1.0382225, 1.0382225, 1.0382224999999994], [1.0382225, 1.0382225, 5.191112499999999], [1.0382225, 1.0382225, 9.344002499999998], [1.0382225, 1.0382225, 13.496892499999998], [1.0382225, 1.0382225, 17.649782499999997], [1.0382225, 1.0382225, 21.8026725], [1.0382225, 1.0382225, 25.955562499999996], [3.1146675000000004, 1.0382225, 3.1146675], [3.1146675000000004, 1.0382225, 7.2675575], [3.1146675000000004, 1.0382225, 11.4204475], [3.1146675000000004, 1.0382225, 15.5733375], [3.1146675000000004, 1.0382225, 19.726227499999997], [3.1146675000000004, 1.0382225, 23.8791175], [3.1146675000000004, 1.0382225, 28.032007499999995], [1.0382225, 3.1146675000000004, 3.1146675], [1.0382225, 3.1146675000000004, 7.2675575], [1.0382225, 3.1146675000000004, 11.4204475], [1.0382225, 3.1146675000000004, 15.5733375], [1.0382225, 3.1146675000000004, 19.726227499999997], [1.0382225, 3.1146675000000004, 23.8791175], [1.0382225, 3.1146675000000004, 28.032007499999995]], "elements": ["Au", "Au", "Au", "Au", "Au", "Au", "Au", "Au", "Au", "Au", "Au", "Au", "Au", "Au", "Au", "Au", "Au", "Au", "Au", "Au", "Au", "Au", "Au", "Au", "Au", "Au", "Au", "Au"], "abc": [4.15289, 4.15289, 47.07023], "angles": [90.0, 90.0, 90.0], "cartesian": true, "props": ["", "", "", "", "", "", "", "", "", "", "", "", "", "", "", "", "", "", "", "", "", "", "", "", "", "", "", ""]}}