{"name": "JVASP-1002_Si_1_1_1", "surf_en": 1.554440283601146, "energy": -212.04235899428195, "perf_atoms": {"directgap": 1.0612193616730607, "indirectgap": 0.3280652656264309, "energy": -44.439862642775026, "force": "na", "stress": "na"}, "defect_atoms": {"lattice_mat": [[7.769166052659705, 0.0, 0.0], [3.8845830263298526, 6.728295167822974, 0.0], [0.0, 0.0, 33.85874379664102]], "coords": [[4.855736677592904, 3.9248388478967358, 1.1894038864275653], [0.9711497039227569, 1.6820737919557447, 4.361152645755769], [8.740312730252612, 6.167608736014753, 7.532901405083975], [4.855725756582465, 3.924843680073762, 10.704650164412179], [8.740308782912313, 1.682078624132771, 13.876398923740382], [4.855736677592904, 1.6820737919557447, 1.982341076259617], [4.855729703922757, 6.167608736014753, 5.154089835587822], [8.740312730252608, 3.924843680073762, 8.325838594916027], [4.855725756582462, 1.6820786241327694, 11.49758735424423], [4.855718782912317, 6.167613568191777, 14.669336113572436], [2.9134481907578325, 0.5606864318082226, 1.1894038864275644], [2.913441217087684, 5.046221375867232, 4.361152645755769], [6.79802424341754, 2.80345631992624, 7.532901405083974], [2.913437269747392, 0.5606912639852495, 10.704650164412179], [10.68260029607724, 5.046226208044258, 13.876398923740382], [6.798028190757831, 5.046221375867232, 1.982341076259616], [2.913441217087684, 2.8034563199262403, 5.154089835587821], [6.798024243417536, 0.5606912639852492, 8.325838594916023], [6.798017269747387, 5.046226208044258, 11.49758735424423], [2.913430296077244, 2.8034611521032646, 14.669336113572436], [8.740319703922758, 3.9248388478967366, 1.1894038864275653], [4.85573273025261, 1.682073791955745, 4.361152645755769], [4.855725756582464, 6.167608736014754, 7.532901405083974], [8.740308782912317, 3.92484368007376, 10.704650164412179], [4.8557218092421675, 1.682078624132771, 13.876398923740382], [0.971149703922757, 1.682073791955745, 1.982341076259617], [8.74031273025261, 6.167608736014754, 5.15408983558782], [4.855725756582465, 3.924843680073762, 8.325838594916027], [8.740308782912315, 1.6820786241327694, 11.49758735424423], [8.740301809242169, 6.167613568191779, 14.669336113572436], [6.798031217087685, 0.5606864318082226, 1.1894038864275653], [6.7980242434175375, 5.046221375867232, 4.3611526457557686], [2.9134372697473916, 2.8034563199262417, 7.532901405083974], [6.798020296077246, 0.5606912639852488, 10.704650164412175], [6.798013322407095, 5.046226208044258, 13.876398923740382], [2.913441217087684, 5.046221375867232, 1.982341076259616], [6.7980242434175375, 2.8034563199262412, 5.15408983558782], [2.913437269747388, 0.5606912639852488, 8.325838594916027], [10.682600296077243, 5.046226208044257, 11.49758735424423], [6.798013322407095, 2.8034611521032646, 14.669336113572433]], "elements": ["Si", "Si", "Si", "Si", "Si", "Si", "Si", "Si", "Si", "Si", "Si", "Si", "Si", "Si", "Si", "Si", "Si", "Si", "Si", "Si", "Si", "Si", "Si", "Si", "Si", "Si", "Si", "Si", "Si", "Si", "Si", "Si", "Si", "Si", "Si", "Si", "Si", "Si", "Si", "Si"], "abc": [7.76917, 7.769169, 33.85874], "angles": [90.0, 90.0, 60.0], "cartesian": true, "props": ["", "", "", "", "", "", "", "", "", "", "", "", "", "", "", "", "", "", "", "", "", "", "", "", "", "", "", "", "", "", "", "", "", "", "", "", "", "", "", ""]}}