{"name": "JVASP-972_Pt_1_1_1", "surf_en": 1.8004493383603175, "energy": -179.3150659941237, "perf_atoms": {"directgap": 0.0, "indirectgap": -0.36964571931991536, "energy": -26.497110536697146, "force": "na", "stress": "na"}, "defect_atoms": {"lattice_mat": [[5.624002068438454, 0.0, 0.0], [2.8120010342192265, 4.87052866220393, 0.0], [0.0, 0.0, 34.07192461003659]], "coords": [[6.3269961216779045, 3.6528964966529487, 1.1479923099843206], [3.5149971558971314, 2.0293869425849715, 3.443981539989548], [0.7029981901163574, 0.4058773885169945, 5.739970769994774], [6.326999224335582, 3.6528978344490173, 8.035960000000001], [3.5150002585548097, 2.02938828038104, 10.331949230005229], [0.7030012927740328, 0.4058787263130641, 12.627938460010453], [6.327002326993259, 3.6528991722450854, 14.923927690015681], [4.920996638787519, 1.217630827754914, 1.1479923099843206], [4.9209976730067435, 4.464651273686936, 3.443981539989548], [2.108998707225971, 2.8411417196189594, 5.739970769994774], [4.920999741445196, 1.2176321655509827, 8.035960000000003], [4.921000775664423, 4.464652611483004, 10.331949230005229], [2.1090018098836456, 2.841143057415028, 12.627938460010453], [4.921002844102876, 1.217633503347052, 14.923927690015681], [3.5149971558971314, 3.6528964966529482, 1.1479923099843197], [6.326998190116358, 2.0293869425849715, 3.4439815399895464], [3.5149992243355825, 0.405877388516994, 5.739970769994773], [3.515000258554809, 3.6528978344490164, 8.035960000000003], [6.327001292774034, 2.02938828038104, 10.331949230005227], [3.515002326993262, 0.4058787263130641, 12.627938460010453], [3.515003361212488, 3.6528991722450845, 14.923927690015681], [2.1089976730067455, 1.217630827754914, 1.1479923099843197], [7.732998707225971, 4.464651273686936, 3.4439815399895464], [4.920999741445197, 2.841141719618959, 5.739970769994773], [2.1090007756644247, 1.2176321655509823, 8.035960000000003], [7.733001809883647, 4.464652611483005, 10.331949230005229], [4.921002844102873, 2.841143057415029, 12.627938460010455], [2.1090038783220995, 1.2176335033470511, 14.923927690015683]], "elements": ["Pt", "Pt", "Pt", "Pt", "Pt", "Pt", "Pt", "Pt", "Pt", "Pt", "Pt", "Pt", "Pt", "Pt", "Pt", "Pt", "Pt", "Pt", "Pt", "Pt", "Pt", "Pt", "Pt", "Pt", "Pt", "Pt", "Pt", "Pt"], "abc": [5.624, 5.624003, 34.07192], "angles": [90.0, 90.0, 60.0], "cartesian": true, "props": ["", "", "", "", "", "", "", "", "", "", "", "", "", "", "", "", "", "", "", "", "", "", "", "", "", "", "", ""]}}