{"name": "JVASP-79561_W_1_1_0", "surf_en": 3.5213568597212497, "energy": -184.08447737479952, "perf_atoms": {"directgap": 0.0, "indirectgap": -0.5431539936434948, "energy": -23.797903105248153, "force": "na", "stress": "na"}, "defect_atoms": {"lattice_mat": [[4.498570915501944, 0.0, 0.0], [0.0, 3.18097, 0.0], [0.0, 0.0, 35.994283662007774]], "coords": [[4.49856816899611, 2.3857275, 1.124640897871598], [2.249283626747083, 2.3857275, 3.3739263556225696], [4.4985690844980555, 2.3857275, 5.623211813373542], [2.2492845422490286, 2.3857275, 7.872497271124513], [0.0, 2.3857275, 10.121782728875486], [2.2492854577509735, 2.3857275, 12.371068186626458], [9.15501946807824e-07, 2.3857275, 14.620353644377428], [2.249286373252922, 2.3857275, 16.869639102128403], [2.249283626747083, 0.7952425, 1.124640897871598], [4.4985690844980555, 0.7952425, 3.3739263556225696], [2.2492845422490286, 0.7952425, 5.623211813373542], [0.0, 0.7952425, 7.872497271124512], [2.2492854577509735, 0.7952425, 10.121782728875486], [9.15501946807824e-07, 0.7952425, 12.37106818662646], [2.2492863732529202, 0.7952425, 14.620353644377428], [1.831003893615648e-06, 0.7952425, 16.8696391021284]], "elements": ["W", "W", "W", "W", "W", "W", "W", "W", "W", "W", "W", "W", "W", "W", "W", "W"], "abc": [4.49857, 3.18097, 35.99428], "angles": [90.0, 90.0, 90.0], "cartesian": true, "props": ["", "", "", "", "", "", "", "", "", "", "", "", "", "", "", ""]}}