{"name": "JVASP-25180_Ca_1_1_1", "surf_en": 0.48260795922665956, "energy": -39.307230744823, "perf_atoms": {"directgap": 0.0023402098315030975, "indirectgap": -0.1198441254730993, "energy": -8.48369146848068, "force": "na", "stress": "na"}, "defect_atoms": {"lattice_mat": [[7.716995714343763, 0.0, 0.0], [3.8584978571718813, 6.683114329517339, 0.0], [0.0, 0.0, 33.752251539488995]], "coords": [[4.823130892777327, 2.7846309706322234, 1.5752243842044056], [0.9646287499492084, 0.5569261941264443, 4.725674692102204], [8.681626607121089, 5.012331417620665, 7.876125], [4.823124464292972, 2.7846266411148837, 11.026575307897799], [0.9646223214648527, 0.5569218646091065, 14.177025615795596], [6.752379821363268, 6.126188135390894, 1.5752243842044056], [2.89387767853515, 3.898483358885114, 4.725674692102204], [6.752375535707029, 1.6707785823793342, 7.876125], [6.752373392878912, 6.126183805873553, 11.026575307897799], [2.8938712500507906, 3.898479029367776, 14.177025615795596], [8.681628749949208, 2.784630970632224, 1.5752243842044047], [4.823126607121089, 0.5569261941264443, 4.725674692102203], [4.82312446429297, 5.012331417620665, 7.876125], [8.681622321464848, 2.7846266411148837, 11.026575307897799], [4.8231201786367315, 0.556921864609108, 14.177025615795593], [10.610877678535148, 6.126188135390894, 1.5752243842044047], [6.75237553570703, 3.898483358885114, 4.725674692102204], [2.8938733928789095, 1.6707785823793342, 7.876125], [10.61087125005079, 6.126183805873554, 11.026575307897799], [6.752369107222673, 3.8984790293677767, 14.177025615795593]], "elements": ["Ca", "Ca", "Ca", "Ca", "Ca", "Ca", "Ca", "Ca", "Ca", "Ca", "Ca", "Ca", "Ca", "Ca", "Ca", "Ca", "Ca", "Ca", "Ca", "Ca"], "abc": [7.717, 7.716993, 33.75225], "angles": [90.0, 90.0, 60.0], "cartesian": true, "props": ["", "", "", "", "", "", "", "", "", "", "", "", "", "", "", "", "", "", "", ""]}}