{"name": "JVASP-14603_As_1_1_1", "surf_en": 1.1063599485607747, "energy": -193.99393023007445, "perf_atoms": {"directgap": 0.2431268589477307, "indirectgap": -0.2629470813773003, "energy": -29.163325329037416, "force": "na", "stress": "na"}, "defect_atoms": {"lattice_mat": [[6.6095, 0.0, 0.0], [-3.30475, 11.103580327822193, 0.0], [0.0, 0.0, 31.157336030967777]], "coords": [[2.2031666666666694, 5.887984813590008, 1.6780044394543308], [-1.101583333333332, 6.215848790120003, 3.557623872449729], [2.2031666666666685, 6.543712766649995, 5.437243305445125], [-1.1015833333333316, 6.87157674317999, 7.316862738440522], [2.2031666666666627, 7.199440719709984, 9.19648217143592], [-1.1015833333333345, 7.5273046962399786, 11.076101604431317], [2.2031666666666654, 7.855168672769973, 12.955721037426711], [3.825439169490316e-15, 7.168180426368563, 1.4546985845702185], [3.304750000000004, 7.496044402898558, 3.3343180175656153], [6.823401521275778e-16, 7.823908379428552, 5.213937450561013], [3.304750000000001, 8.151772355958546, 7.09355688355641], [1.0147665577782766e-15, 8.479636332488539, 8.973176316551806], [3.3047499999999985, 8.807500309018533, 10.852795749547203], [-4.4259667646218384e-15, 9.135364285548526, 12.732415182542598], [3.3047500000000047, 1.9682157144514745, 0.4249248174574001], [4.0418285363526905e-15, 2.296079690981468, 2.3045442504527975], [3.304750000000003, 2.623943667511461, 4.184163683448195], [4.007353987940391e-15, 2.9518076440414567, 6.063783116443592], [3.3047500000000016, 3.27967162057145, 7.9434025494389875], [1.8201014836286807e-15, 3.607535597101443, 9.823021982434385], [3.3047500000000016, 3.9353995736314373, 11.702641415429781], [1.1015833333333387, 3.248411327230026, 0.20161896257328715], [4.406333333333339, 3.576275303760022, 2.081238395568684], [1.1015833333333374, 3.904139280290015, 3.9608578285640808], [4.406333333333337, 4.2320032568200086, 5.840477261559478], [1.101583333333337, 4.559867233350005, 7.720096694554875], [4.406333333333335, 4.8877312098799965, 9.599716127550273], [1.101583333333335, 5.215595186409991, 11.47933556054567], [-2.203166666666662, 9.479890264020737, 1.0514646284558662], [1.1015833333333367, 9.807754240550732, 2.931084061451263], [-2.203166666666662, 10.135618217080726, 4.810703494446661], [1.1015833333333358, 10.46348219361072, 6.690322927442057], [-2.2031666666666627, 10.791346170140715, 8.569942360437453], [4.406333333333334, 0.01563014667070935, 10.449561793432851], [1.1015833333333345, 0.34349412320070255, 12.329181226428247], [2.2031666666666707, 10.760085876799295, 0.8281587735717525], [-1.101583333333331, 11.087949853329288, 2.7077782065671494], [5.507916666666669, 0.31223382985928383, 4.587397639562547], [2.2031666666666694, 0.640097806389277, 6.467017072557944], [5.507916666666669, 0.9679617829192715, 8.34663650555334], [2.2031666666666667, 1.295825759449266, 10.226255938548736], [5.507916666666667, 1.623689735979259, 12.105875371544133]], "elements": ["As", "As", "As", "As", "As", "As", "As", "As", "As", "As", "As", "As", "As", "As", "As", "As", "As", "As", "As", "As", "As", "As", "As", "As", "As", "As", "As", "As", "As", "As", "As", "As", "As", "As", "As", "As", "As", "As", "As", "As", "As", "As"], "abc": [6.6095, 11.584941, 31.15734], "angles": [90.0, 90.0, 106.5745], "cartesian": true, "props": ["", "", "", "", "", "", "", "", "", "", "", "", "", "", "", "", "", "", "", "", "", "", "", "", "", "", "", "", "", "", "", "", "", "", "", "", "", "", "", "", "", ""]}}