{"name": "JVASP-1020_Tc_1_1_1", "surf_en": 3.811767815826448, "energy": -205.4565768909278, "perf_atoms": {"directgap": 3.021071851772028e-15, "indirectgap": -1.5766001473352584, "energy": -21.594542841363115, "force": "na", "stress": "na"}, "defect_atoms": {"lattice_mat": [[4.77478, 0.0, 0.0], [-2.38739, 4.610394832386919, 0.0], [0.0, 0.0, 31.15318186676963]], "coords": [[2.785288333333334, 1.7064284424399752, 0.9864877066229085], [0.3978983333333334, 2.11851381878428, 2.3018058932998704], [2.785288333333333, 2.5305991951285844, 3.617124079976834], [0.3978983333333337, 2.9426845714728884, 4.932442266653797], [2.7852883333333325, 3.354769947817193, 6.247760453330759], [0.3978983333333328, 3.7668553241614977, 7.563078640007722], [-1.9894916666666622, 4.178940700505802, 8.878396826684686], [0.39789833333333147, 4.591026076850107, 10.193715013361649], [0.3978983333333303, 0.3927214531944113, 11.509033200038608], [2.7852883333333334, 0.804806829538715, 12.824351386715572], [-0.39789833333333235, 3.805583170461283, 0.32882861328442686], [1.9894916666666664, 4.217668546805587, 1.6441467999613895], [1.989491666666668, 0.019363923149891223, 2.959464986638353], [4.376881666666667, 0.4314492994941958, 4.274783173315315], [1.989491666666668, 0.8435346758385004, 5.5901013599922775], [-0.3978983333333314, 1.2556200521828051, 6.905419546669242], [1.989491666666671, 1.6677054285271096, 8.220737733346203], [-0.39789833333333036, 2.0797908048714144, 9.536055920023166], [1.989491666666668, 2.491876181215719, 10.851374106700128], [-0.397898333333333, 2.9039615575600224, 12.166692293377091]], "elements": ["Tc", "Tc", "Tc", "Tc", "Tc", "Tc", "Tc", "Tc", "Tc", "Tc", "Tc", "Tc", "Tc", "Tc", "Tc", "Tc", "Tc", "Tc", "Tc", "Tc"], "abc": [4.77478, 5.191852, 31.15318], "angles": [90.0, 90.0, 117.3764], "cartesian": true, "props": ["", "", "", "", "", "", "", "", "", "", "", "", "", "", "", "", "", "", "", ""]}}