{"name": "JVASP-21195_Mo_1_0_0", "surf_en": 3.8654991223016277, "energy": -174.7373535263144, "perf_atoms": {"directgap": 7.55267962943007e-16, "indirectgap": -0.5945750296654738, "energy": -22.446230723555928, "force": "na", "stress": "na"}, "defect_atoms": {"lattice_mat": [[3.16248, 0.0, 0.0], [0.0, 3.16248, 0.0], [0.0, 0.0, 43.29984]], "coords": [[2.37186, 2.37186, 0.7906200000000014], [2.37186, 2.37186, 3.9531], [2.37186, 2.37186, 7.11558], [2.37186, 2.37186, 10.278059999999998], [2.37186, 2.37186, 13.44054], [2.37186, 2.37186, 16.60302], [2.37186, 2.37186, 19.765499999999996], [2.37186, 2.37186, 22.927979999999998], [0.79062, 0.79062, 2.371860000000001], [0.79062, 0.79062, 5.53434], [0.79062, 0.79062, 8.69682], [0.79062, 0.79062, 11.8593], [0.79062, 0.79062, 15.02178], [0.79062, 0.79062, 18.18426], [0.79062, 0.79062, 21.34674], [0.79062, 0.79062, 24.50922]], "elements": ["Mo", "Mo", "Mo", "Mo", "Mo", "Mo", "Mo", "Mo", "Mo", "Mo", "Mo", "Mo", "Mo", "Mo", "Mo", "Mo"], "abc": [3.16248, 3.16248, 43.29984], "angles": [90.0, 90.0, 90.0], "cartesian": true, "props": ["", "", "", "", "", "", "", "", "", "", "", "", "", "", "", ""]}}