{"name": "JVASP-25104_Cl_1_1_1", "surf_en": 0.08409896782664174, "energy": -99.49927354663613, "perf_atoms": {"directgap": 2.033719870568138, "indirectgap": 1.9698575817434527, "energy": -14.31313963839365, "force": "na", "stress": "na"}, "defect_atoms": {"lattice_mat": [[7.500202845643576, 0.0, 0.0], [-5.268246309878234, 8.78565123097055, 0.0], [0.0, 0.0, 40.09966506070201]], "coords": [[3.3214925593884117, 4.138071533944861, 2.322597122152319], [-1.9467509048462457, 5.476446626949253, 5.4796921308240325], [0.2852056309190987, 6.814821719953645, 8.636787139495748], [2.517162166684439, 8.153196812958038, 11.79388214816746], [2.517168702449784, 0.7059219059624309, 14.950977156839174], [4.749125238215127, 2.0442969989668223, 18.108072165510894], [-0.5191182260195296, 3.3826720919712177, 21.265167174182608], [2.7510682260195165, 5.402977908028783, 0.8345028258173922], [-2.5171752382151404, 6.741353001033176, 3.991597834489107], [-0.28521870244979547, 8.079728094037568, 7.1486928431608225], [-0.28521216668445426, 0.6324531870419606, 10.305787851832536], [1.9467443690808919, 1.9708282800463521, 13.462882860504253], [4.178700904846231, 3.3092033730507455, 16.619977869175965], [-1.0895425593884236, 4.647578466055137, 19.777072877847683], [-3.633153506097811, 8.188846707142838, 1.5157338222420922], [3.8670530296675327, 0.7415718001472298, 4.672828830913809], [6.099009565432875, 2.0799468931516234, 7.829923839585521], [0.8307661011982191, 3.418321986156015, 10.987018848257236], [3.0627226369635614, 4.756697079160408, 14.14411385692895], [-2.2055208272710964, 6.0950721721648, 17.301208865600668], [0.02643570849424983, 7.433447265169192, 20.45830387427238], [2.205514291505739, 1.352202734830806, 1.6413661257276189], [4.437470827271083, 2.690577827835199, 4.798461134399335], [-0.8307726369635746, 4.02895292083959, 7.955556143071049], [1.401183898801769, 5.367328013843983, 11.112651151742764], [-3.867059565432888, 6.705703106848377, 14.26974616041448], [-1.6351030296675468, 8.044078199852768, 17.426841169086195], [5.865103506097799, 0.5968032928571618, 20.583936177757913], [-0.42860601778979884, 4.138071533944863, 2.322597122152319], [1.8033505179755442, 5.4764466269492535, 5.4796921308240325], [-3.464892946259113, 6.814821719953647, 8.63678713949575], [-1.2329364104937692, 8.153196812958038, 11.79388214816746], [6.267270125271573, 0.7059219059624309, 14.950977156839174], [0.9990266610369184, 2.0442969989668223, 18.108072165510894], [3.23098319680226, 3.382672091971216, 21.265167174182608], [-0.9990331968022704, 5.402977908028783, 0.8345028258173922], [1.2329233389630734, 6.741353001033176, 3.991597834489107], [-4.035320125271585, 8.079728094037568, 7.148692843160822], [3.4648864104937576, 0.6324531870419606, 10.305787851832536], [5.696842946259102, 1.9708282800463521, 13.46288286050425], [0.42859948202444204, 3.3092033730507455, 16.619977869175965], [2.6605560177897876, 4.64757846605514, 19.777072877847683], [0.11694507108040113, 8.188846707142838, 1.5157338222420922], [0.11695160684574385, 0.7415718001472298, 4.672828830913806], [2.3489081426110867, 2.0799468931516234, 7.829923839585521], [4.5808646783764315, 3.418321986156015, 10.987018848257236], [-0.6873787858582241, 4.756697079160408, 14.14411385692895], [1.544577749907115, 6.0950721721648, 17.301208865600668], [-3.7236657143275385, 7.433447265169192, 20.45830387427238], [5.955615714327528, 1.3522027348308052, 1.6413661257276202], [0.6873722500928696, 2.690577827835199, 4.798461134399335], [2.919328785858216, 4.02895292083959, 7.955556143071049], [-2.3489146783764423, 5.3673280138439825, 11.112651151742764], [-0.11695814261110071, 6.705703106848376, 14.269746160414478], [2.114998393154246, 8.044078199852768, 17.426841169086195], [2.1150049289195865, 0.5968032928571618, 20.583936177757906]], "elements": ["Cl", "Cl", "Cl", "Cl", "Cl", "Cl", "Cl", "Cl", "Cl", "Cl", "Cl", "Cl", "Cl", "Cl", "Cl", "Cl", "Cl", "Cl", "Cl", "Cl", "Cl", "Cl", "Cl", "Cl", "Cl", "Cl", "Cl", "Cl", "Cl", "Cl", "Cl", "Cl", "Cl", "Cl", "Cl", "Cl", "Cl", "Cl", "Cl", "Cl", "Cl", "Cl", "Cl", "Cl", "Cl", "Cl", "Cl", "Cl", "Cl", "Cl", "Cl", "Cl", "Cl", "Cl", "Cl", "Cl"], "abc": [7.5002, 10.244125, 40.09967], "angles": [90.0, 90.0, 120.9487], "cartesian": true, "props": ["", "", "", "", "", "", "", "", "", "", "", "", "", "", "", "", "", "", "", "", "", "", "", "", "", "", "", "", "", "", "", "", "", "", "", "", "", "", "", "", "", "", "", "", "", "", "", "", "", "", "", "", "", "", "", ""]}}