{"name": "JVASP-943_Ni_1_0_0", "surf_en": 592.3819491898093, "energy": 726.197349238787, "perf_atoms": {"directgap": 1.510535925886014e-15, "indirectgap": -0.17667060641962637, "energy": -23.38912283669722, "force": "na", "stress": "na"}, "defect_atoms": {"lattice_mat": [[3.51199, 0.0, 0.0], [0.0, 3.51199, 0.0], [0.0, 0.0, 46.09592]], "coords": [[2.6339924999999997, 2.6339924999999997, 0.8779975], [2.6339924999999997, 2.6339924999999997, 4.3899875], [2.6339924999999997, 2.6339924999999997, 7.9019775], [2.6339924999999997, 2.6339924999999997, 11.4139675], [2.6339924999999997, 2.6339924999999997, 14.925957499999999], [2.6339924999999997, 2.6339924999999997, 18.4379475], [2.6339924999999997, 2.6339924999999997, 21.9499375], [2.6339924999999997, 2.6339924999999997, 25.461927499999998], [0.8779975, 0.8779975, 0.8779975], [0.8779975, 0.8779975, 4.3899875], [0.8779975, 0.8779975, 7.9019775], [0.8779975, 0.8779975, 11.4139675], [0.8779975, 0.8779975, 14.925957499999999], [0.8779975, 0.8779975, 18.4379475], [0.8779975, 0.8779975, 21.9499375], [0.8779975, 0.8779975, 25.461927499999998], [2.6339924999999997, 0.8779975, 2.6339924999999997], [2.6339924999999997, 0.8779975, 6.1459825], [2.6339924999999997, 0.8779975, 9.6579725], [2.6339924999999997, 0.8779975, 13.1699625], [2.6339924999999997, 0.8779975, 16.6819525], [2.6339924999999997, 0.8779975, 20.1939425], [2.6339924999999997, 0.8779975, 23.705932499999996], [2.6339924999999997, 0.8779975, 27.217922499999997], [0.8779975, 2.6339924999999997, 2.6339924999999997], [0.8779975, 2.6339924999999997, 6.1459825], [0.8779975, 2.6339924999999997, 9.6579725], [0.8779975, 2.6339924999999997, 13.1699625], [0.8779975, 2.6339924999999997, 16.6819525], [0.8779975, 2.6339924999999997, 20.1939425], [0.8779975, 2.6339924999999997, 23.705932499999996], [0.8779975, 2.6339924999999997, 27.217922499999997]], "elements": ["Ni", "Ni", "Ni", "Ni", "Ni", "Ni", "Ni", "Ni", "Ni", "Ni", "Ni", "Ni", "Ni", "Ni", "Ni", "Ni", "Ni", "Ni", "Ni", "Ni", "Ni", "Ni", "Ni", "Ni", "Ni", "Ni", "Ni", "Ni", "Ni", "Ni", "Ni", "Ni"], "abc": [3.51199, 3.51199, 46.09592], "angles": [90.0, 90.0, 90.0], "cartesian": true, "props": ["", "", "", "", "", "", "", "", "", "", "", "", "", "", "", "", "", "", "", "", "", "", "", "", "", "", "", "", "", "", "", ""]}}