{"name": "JVASP-943_Ni_1_1_0", "surf_en": 1041.8800256559648, "energy": 2084.578052437601, "perf_atoms": {"directgap": 1.510535925886014e-15, "indirectgap": -0.17667060641962637, "energy": -23.38912283669722, "force": "na", "stress": "na"}, "defect_atoms": {"lattice_mat": [[4.966703888918686, 0.0, 0.0], [0.0, 3.51199, 0.0], [0.0, 0.0, 37.86681555567474]], "coords": [[4.345854236047793, 2.6339924999999997, 0.6208402082774637], [1.8625061805071348, 2.6339924999999997, 3.104192152736807], [4.345858124966478, 2.6339924999999997, 5.587544097196149], [1.8625100694258214, 2.6339924999999997, 8.070896041655493], [4.345862013885164, 2.6339924999999997, 10.554247986114836], [1.8625139583445078, 2.6339924999999997, 13.03759993057418], [4.34586590280385, 2.6339924999999997, 15.52095187503352], [1.8625178472631922, 2.6339924999999997, 18.004303819492865], [3.1041821527368083, 0.8779975, 1.8625161805071353], [0.6208340971961501, 0.8779975, 4.345868124966478], [3.1041860416554923, 0.8779975, 6.829220069425821], [0.6208379861148366, 0.8779975, 9.312572013885164], [3.104189930574179, 0.8779975, 11.795923958344508], [0.6208418750335254, 0.8779975, 14.279275902803853], [3.1041938194928655, 0.8779975, 16.76262784726319], [0.6208457639522076, 0.8779975, 19.245979791722537], [0.6208302082774636, 0.8779975, 1.8625161805071353], [3.104182152736807, 0.8779975, 4.345868124966478], [0.6208340971961501, 0.8779975, 6.829220069425821], [3.1041860416554923, 0.8779975, 9.312572013885164], [0.6208379861148366, 0.8779975, 11.795923958344508], [3.104189930574179, 0.8779975, 14.27927590280385], [0.6208418750335211, 0.8779975, 16.76262784726319], [3.1041938194928655, 0.8779975, 19.245979791722537], [1.8625061805071348, 2.6339924999999997, 0.6208402082774637], [4.345858124966478, 2.6339924999999997, 3.1041921527368057], [1.8625100694258225, 2.6339924999999997, 5.587544097196149], [4.345862013885164, 2.6339924999999997, 8.070896041655493], [1.8625139583445078, 2.6339924999999997, 10.554247986114836], [4.345865902803852, 2.6339924999999997, 13.03759993057418], [1.8625178472631922, 2.6339924999999997, 15.52095187503352], [4.345869791722534, 2.6339924999999997, 18.004303819492865]], "elements": ["Ni", "Ni", "Ni", "Ni", "Ni", "Ni", "Ni", "Ni", "Ni", "Ni", "Ni", "Ni", "Ni", "Ni", "Ni", "Ni", "Ni", "Ni", "Ni", "Ni", "Ni", "Ni", "Ni", "Ni", "Ni", "Ni", "Ni", "Ni", "Ni", "Ni", "Ni", "Ni"], "abc": [4.9667, 3.51199, 37.86682], "angles": [90.0, 90.0, 90.0], "cartesian": true, "props": ["", "", "", "", "", "", "", "", "", "", "", "", "", "", "", "", "", "", "", "", "", "", "", "", "", "", "", "", "", "", "", ""]}}