{"name": "JVASP-14612_Zr_1_1_1", "surf_en": 2.093076664947227, "energy": -112.81887876474066, "perf_atoms": {"directgap": 1.2906243478340664e-05, "indirectgap": -0.1949378189654451, "energy": -15.091737423872303, "force": "na", "stress": "na"}, "defect_atoms": {"lattice_mat": [[5.57654, 0.0, 0.0], [-2.78827, 5.4249042884275855, 0.0], [0.0, 0.0, 30.298393854859732]], "coords": [[0.4647116666666646, 2.516142063821042, 1.1529724964632353], [3.2529816666666664, 2.9938441758432153, 2.690271728320701], [0.46471166666666575, 3.4715462878653875, 4.227570960178167], [3.252981666666662, 3.9492483998875607, 5.764870192035635], [0.46471166666666397, 4.426950511909733, 7.302169423893099], [-2.323558333333334, 4.904652623931906, 8.839468655750565], [0.4647116666666649, 5.382354735954078, 10.376767887608032], [0.46471166666666186, 0.43515684797625104, 11.914067119465498], [2.323558333333333, 4.989743152023749, 0.38432288053450214], [2.323558333333333, 0.042545264045922015, 1.9216221123919683], [5.111828333333333, 0.5202473760680945, 3.4589213442494344], [2.323558333333333, 0.997949488090267, 4.9962205761069], [-0.46471166666666713, 1.4756516001124393, 6.533519807964366], [2.3235583333333336, 1.953353712134613, 8.070819039821831], [-0.4647116666666665, 2.4310558241567857, 9.608118271679299], [2.323558333333335, 2.908757936178958, 11.145417503536766]], "elements": ["Zr", "Zr", "Zr", "Zr", "Zr", "Zr", "Zr", "Zr", "Zr", "Zr", "Zr", "Zr", "Zr", "Zr", "Zr", "Zr"], "abc": [5.57654, 6.099507, 30.29839], "angles": [90.0, 90.0, 117.2021], "cartesian": true, "props": ["", "", "", "", "", "", "", "", "", "", "", "", "", "", "", ""]}}