{"name": "JVASP-25210_Te_1_1_1", "surf_en": 0.3987384391502527, "energy": -57.287143701290496, "perf_atoms": {"directgap": 0.6063850704510603, "indirectgap": 0.5143614172065561, "energy": -9.960607557248386, "force": "na", "stress": "na"}, "defect_atoms": {"lattice_mat": [[7.4860152297734475, 0.0, 0.0], [3.4622258365328458, 6.637274762825812, 0.0], [0.0, 0.0, 30.593329291784478]], "coords": [[4.88544584881835, 0.4152785021217603, 0.9211912418371917], [3.544184765421654, 4.1404772125972835, 3.0200794571346035], [6.226713682024957, 1.2284059230728055, 5.118967672432015], [4.885452598628259, 4.953604633548329, 7.217855887729429], [7.567981515231558, 2.041533344023855, 9.316744103026842], [6.226720431834862, 5.766732054499379, 11.415632318324255], [7.841901967927004, 4.275005898670544, 1.6208206469363284], [3.038410884530305, 1.3629346091460668, 3.7197088622337406], [9.183169801133605, 5.0881333196215905, 5.818597077531152], [4.37967871773691, 2.176062030097113, 7.917485292828565], [10.524437634340211, 5.901260740572638, 10.016373508125977], [5.720946550943517, 2.989189451048164, 12.115261723423387], [5.145345308729886, 3.8757102706412687, 0.606321496495891], [7.827874225333189, 0.9636389811167932, 2.705209711793303], [6.486613141936491, 4.688837691592316, 4.804097927090714], [1.6831220585397944, 1.7767664020678398, 6.902986142388128], [7.8278809751430956, 5.501965112543363, 9.001874357685537], [3.0243898917464005, 2.5898938230188877, 11.100762572982951]], "elements": ["Te", "Te", "Te", "Te", "Te", "Te", "Te", "Te", "Te", "Te", "Te", "Te", "Te", "Te", "Te", "Te", "Te", "Te"], "abc": [7.48602, 7.486013, 30.59333], "angles": [90.0, 90.0, 62.4519], "cartesian": true, "props": ["", "", "", "", "", "", "", "", "", "", "", "", "", "", "", "", "", ""]}}