{"name": "JVASP-14604_Ba_1_1_1", "surf_en": 0.43926760356646927, "energy": -22.852147302200787, "perf_atoms": {"directgap": 7.55267962943007e-16, "indirectgap": -0.6364377317419257, "energy": -4.191712440930617, "force": "na", "stress": "na"}, "defect_atoms": {"lattice_mat": [[6.951877892828671, 0.0, 0.0], [3.4759389464143355, 6.020502859197062, 0.0], [0.0, 0.0, 35.02855359156496]], "coords": [[3.4759431607569913, 4.013668572798039, 0.7095212705327248], [6.951882107171326, 2.0068342863990196, 3.5476135357935514], [3.475941053585663, 0.0, 6.385705801054378], [3.4759399999999996, 4.013665713600981, 9.223798066315204], [6.951878946414335, 2.0068314272019614, 12.061890331576032], [6.951877892828669, 6.020497140802943, 14.899982596836857], [3.475942107171328, 2.8591970599511906e-06, 2.1285674031631383], [3.4759410535856623, 4.013668572798039, 4.966659668423965], [6.95188, 2.006834286399021, 7.804751933684791], [3.4759389464143338, 2.0052293159267267e-15, 10.64284419894562], [3.4759378928286706, 4.013665713600983, 13.480936464206446], [6.951876839243009, 2.0068314272019614, 16.319028729467274]], "elements": ["Ba", "Ba", "Ba", "Ba", "Ba", "Ba", "Ba", "Ba", "Ba", "Ba", "Ba", "Ba"], "abc": [6.95188, 6.951876, 35.02855], "angles": [90.0, 90.0, 60.0], "cartesian": true, "props": ["", "", "", "", "", "", "", "", "", "", "", ""]}}