{"name": "JVASP-14837_V_1_0_0", "surf_en": 8008.542614867996, "energy": 8785.091800327222, "perf_atoms": {"directgap": 0.0, "indirectgap": -1.1599144247231257, "energy": -17.286372507349025, "force": "na", "stress": "na"}, "defect_atoms": {"lattice_mat": [[2.9885, 0.0, 0.0], [0.0, 2.9885, 0.0], [0.0, 0.0, 44.8965]], "coords": [[2.241375, 2.241375, 0.7471250000000004], [2.241375, 2.241375, 3.735625], [2.241375, 2.241375, 6.724125], [2.241375, 2.241375, 9.712625], [2.241375, 2.241375, 12.701125], [2.241375, 2.241375, 15.689625000000001], [2.241375, 2.241375, 18.678124999999998], [2.241375, 2.241375, 21.666624999999996], [2.241375, 2.241375, 24.655124999999998], [0.7471249999999997, 0.7471249999999997, 2.241375000000001], [0.7471249999999997, 0.7471249999999997, 5.229874999999999], [0.7471249999999997, 0.7471249999999997, 8.218375], [0.7471249999999997, 0.7471249999999997, 11.206874999999998], [0.7471249999999997, 0.7471249999999997, 14.195374999999997], [0.7471249999999997, 0.7471249999999997, 17.183875], [0.7471249999999997, 0.7471249999999997, 20.172375], [0.7471249999999997, 0.7471249999999997, 23.160874999999997], [0.7471249999999997, 0.7471249999999997, 26.149375]], "elements": ["V", "V", "V", "V", "V", "V", "V", "V", "V", "V", "V", "V", "V", "V", "V", "V", "V", "V"], "abc": [2.9885, 2.9885, 44.8965], "angles": [90.0, 90.0, 90.0], "cartesian": true, "props": ["", "", "", "", "", "", "", "", "", "", "", "", "", "", "", "", "", ""]}}