{"name": "JVASP-25388_Rb_1_1_1", "surf_en": 0.10151350774143374, "energy": -10.175944576936455, "perf_atoms": {"directgap": 0.0, "indirectgap": -1.300020771904838, "energy": -1.8491085731223709, "force": "na", "stress": "na"}, "defect_atoms": {"lattice_mat": [[8.58026, 0.0, 0.0], [-4.29013, 8.438061069084531, 0.0], [0.0, 0.0, 32.20671221676828]], "coords": [[-0.7150216666666599, 4.692644552641926, 1.7758379187118962], [3.5751083333333398, 5.419711299347234, 4.143623288173275], [-0.7150216666666603, 6.146778046052541, 6.511408657634655], [3.5751083333333415, 6.873844792757848, 8.879194027096034], [-0.7150216666666646, 7.600911539463155, 11.246979396557412], [3.5751083333333376, 8.327978286168463, 13.614764766018792], [0.7150216666666742, 0.11008171383153853, 0.5919452339812071], [5.005151666666673, 0.8371484605368453, 2.959730603442586], [0.7150216666666722, 1.564215207242152, 5.3275159729039645], [5.005151666666674, 2.29128195394746, 7.695301342365344], [0.71502166666667, 3.0183487006527665, 10.063086711826722], [5.005151666666672, 3.745415447358073, 12.430872081288102]], "elements": ["Rb", "Rb", "Rb", "Rb", "Rb", "Rb", "Rb", "Rb", "Rb", "Rb", "Rb", "Rb"], "abc": [8.58026, 9.466048, 32.20671], "angles": [90.0, 90.0, 116.95], "cartesian": true, "props": ["", "", "", "", "", "", "", "", "", "", "", ""]}}