{"name": "JVASP-934_Nb_1_1_1", "surf_en": 2.9127370505168355, "energy": -153.36940125085036, "perf_atoms": {"directgap": 0.0, "indirectgap": -1.092691004980732, "energy": -20.039565043617856, "force": "na", "stress": "na"}, "defect_atoms": {"lattice_mat": [[4.693873808465669, 0.0, 0.0], [2.3469369042328343, 4.065013960289682, 0.0], [0.0, 0.0, 33.33012766367369]], "coords": [[2.3469223830686645, 3.960289681235472e-06, 0.4790676576529575], [2.346929287301498, 2.7100093068597877, 2.3953336156121687], [4.693866191534332, 1.355004653429894, 4.31159957357138], [2.3469330957671666, 0.0, 6.227865531530591], [2.3469399999999996, 2.710005346570107, 8.144131489489803], [4.693876904232835, 1.3550006931402137, 10.060397447449013], [4.693883808465669, 4.065006039710319, 11.976663405408225], [2.3469507126985025, 2.7100013862804264, 13.892929363367434], [4.693859287301499, 1.3550086137195754, 1.4372006366325627], [2.3469261915343327, 3.960289681235472e-06, 3.353466594591774], [2.3469330957671666, 2.710009306859788, 5.269732552550984], [4.6938699999999995, 1.355004653429895, 7.185998510510196], [2.346936904232834, 0.0, 9.102264468469409], [2.346943808465668, 2.710005346570106, 11.01853042642862], [4.6938807126985, 1.3550006931402145, 12.93479638438783], [4.693887616931341, 4.065006039710319, 14.851062342347042]], "elements": ["Nb", "Nb", "Nb", "Nb", "Nb", "Nb", "Nb", "Nb", "Nb", "Nb", "Nb", "Nb", "Nb", "Nb", "Nb", "Nb"], "abc": [4.69387, 4.693872, 33.33013], "angles": [90.0, 90.0, 59.9999], "cartesian": true, "props": ["", "", "", "", "", "", "", "", "", "", "", "", "", "", "", ""]}}