{"name": "JVASP-972_Pt_1_0_0", "surf_en": 4.555876770459917, "energy": -176.47354592071378, "perf_atoms": {"directgap": 0.0, "indirectgap": -0.36964571931991536, "energy": -26.497110536697146, "force": "na", "stress": "na"}, "defect_atoms": {"lattice_mat": [[3.97677, 0.0, 0.0], [0.0, 3.97677, 0.0], [0.0, 0.0, 45.83739]], "coords": [[2.9825775, 2.9825775, 0.994192500000001], [2.9825775, 2.9825775, 4.970962500000001], [2.9825775, 2.9825775, 8.9477325], [2.9825775, 2.9825775, 12.924502500000001], [2.9825775, 2.9825775, 16.9012725], [2.9825775, 2.9825775, 20.8780425], [2.9825775, 2.9825775, 24.854812499999998], [0.9941925, 0.9941925, 0.994192500000001], [0.9941925, 0.9941925, 4.970962500000001], [0.9941925, 0.9941925, 8.9477325], [0.9941925, 0.9941925, 12.924502500000001], [0.9941925, 0.9941925, 16.9012725], [0.9941925, 0.9941925, 20.8780425], [0.9941925, 0.9941925, 24.854812499999998], [2.9825775, 0.9941925, 2.982577500000002], [2.9825775, 0.9941925, 6.9593475], [2.9825775, 0.9941925, 10.936117500000002], [2.9825775, 0.9941925, 14.912887500000002], [2.9825775, 0.9941925, 18.889657500000002], [2.9825775, 0.9941925, 22.866427499999997], [2.9825775, 0.9941925, 26.843197499999995], [0.9941925, 2.9825775, 2.982577500000002], [0.9941925, 2.9825775, 6.9593475], [0.9941925, 2.9825775, 10.936117500000002], [0.9941925, 2.9825775, 14.912887500000002], [0.9941925, 2.9825775, 18.889657500000002], [0.9941925, 2.9825775, 22.866427499999997], [0.9941925, 2.9825775, 26.843197499999995]], "elements": ["Pt", "Pt", "Pt", "Pt", "Pt", "Pt", "Pt", "Pt", "Pt", "Pt", "Pt", "Pt", "Pt", "Pt", "Pt", "Pt", "Pt", "Pt", "Pt", "Pt", "Pt", "Pt", "Pt", "Pt", "Pt", "Pt", "Pt", "Pt"], "abc": [3.97677, 3.97677, 45.83739], "angles": [90.0, 90.0, 90.0], "cartesian": true, "props": ["", "", "", "", "", "", "", "", "", "", "", "", "", "", "", "", "", "", "", "", "", "", "", "", "", "", "", ""]}}