{"name": "JVASP-901_Ir_1_1_0", "surf_en": 3.935111076362559, "energy": -255.31700429699876, "perf_atoms": {"directgap": 0.0, "indirectgap": -1.2583207181761817, "energy": -37.97262798872302, "force": "na", "stress": "na"}, "defect_atoms": {"lattice_mat": [[5.492126653747162, 0.0, 0.0], [0.0, 3.88352, 0.0], [0.0, 0.0, 37.22244328811507]], "coords": [[0.6865225242240712, 2.9126399999999997, 0.6865141876608593], [3.4325858510976524, 2.9126399999999997, 3.4325775145344406], [0.686519177971233, 2.9126399999999997, 6.178640841408022], [3.4325825048448153, 2.9126399999999997, 8.924704168281606], [0.6865158317183947, 2.9126399999999997, 11.670767495155184], [3.4325791585919756, 2.9126399999999997, 14.416830822028768], [0.6865124854655588, 2.9126399999999997, 17.162894148902353], [4.805617514534442, 0.97088, 2.0595458510976505], [2.0595508414080235, 0.97088, 4.805609177971232], [4.805614168281605, 0.97088, 7.551672504844813], [2.0595474951551864, 0.97088, 10.297735831718395], [4.805610822028767, 0.97088, 13.043799158591977], [2.059544148902348, 0.97088, 15.789862485465559], [4.805607475775932, 0.97088, 18.53592581233914], [2.059554187660862, 0.97088, 2.059545851097649], [4.805617514534442, 0.97088, 4.805609177971232], [2.0595508414080235, 0.97088, 7.551672504844813], [4.805614168281606, 0.97088, 10.297735831718397], [2.0595474951551864, 0.97088, 13.043799158591977], [4.805610822028765, 0.97088, 15.789862485465557], [2.059544148902348, 0.97088, 18.535925812339137], [3.4325858510976524, 2.9126399999999997, 0.6865141876608593], [0.686519177971233, 2.9126399999999997, 3.4325775145344406], [3.4325825048448153, 2.9126399999999997, 6.178640841408023], [0.6865158317183959, 2.9126399999999997, 8.924704168281606], [3.4325791585919756, 2.9126399999999997, 11.670767495155184], [0.6865124854655539, 2.9126399999999997, 14.416830822028768], [3.43257581233914, 2.9126399999999997, 17.162894148902346]], "elements": ["Ir", "Ir", "Ir", "Ir", "Ir", "Ir", "Ir", "Ir", "Ir", "Ir", "Ir", "Ir", "Ir", "Ir", "Ir", "Ir", "Ir", "Ir", "Ir", "Ir", "Ir", "Ir", "Ir", "Ir", "Ir", "Ir", "Ir", "Ir"], "abc": [5.49213, 3.88352, 37.22244], "angles": [90.0, 90.0, 90.0], "cartesian": true, "props": ["", "", "", "", "", "", "", "", "", "", "", "", "", "", "", "", "", "", "", "", "", "", "", "", "", "", "", ""]}}