{"name": "JVASP-14832_Cd_1_1_1", "surf_en": 0.7089745681249909, "energy": -17.9207005400673, "perf_atoms": {"directgap": 0.35222312495079144, "indirectgap": -2.843817373243839, "energy": -2.2965368474410477, "force": "na", "stress": "na"}, "defect_atoms": {"lattice_mat": [[5.23184, 0.0, 0.0], [-2.61592, 5.927100909593155, 0.0], [0.0, 0.0, 31.144011145298283]], "coords": [[-0.8719733333333337, 5.773290473507971, 0.36511084805358823], [4.359866666666666, 0.23103394501157504, 1.8255565308645085], [1.7439466666666659, 0.6158774165151795, 3.2860022136754288], [4.359866666666666, 1.0007208880187832, 4.746447896486348], [1.7439466666666656, 1.3855643595223874, 6.206893579297269], [4.35986666666667, 1.7704078310259925, 7.667339262108191], [1.743946666666665, 2.1552513025295963, 9.127784944919108], [-0.8719733333333328, 2.5400947740332, 10.588230627730029], [1.7439466666666643, 2.924938245536805, 12.048676310540952], [0.8719733333333347, 3.002161754463195, 1.095333689459048], [3.4878933333333353, 3.3870052259667998, 2.5557793722699675], [0.8719733333333328, 3.771848697470404, 4.016225055080889], [-1.7439466666666674, 4.156692168974009, 5.4766707378918085], [0.8719733333333323, 4.541535640477613, 6.937116420702729], [-1.7439466666666634, 4.926379111981217, 8.397562103513652], [0.8719733333333338, 5.311222583484821, 9.85800778632457], [-1.7439466666666639, 5.696066054988425, 11.31845346913549], [3.4878933333333335, 0.15380952649202936, 12.778899151946412]], "elements": ["Cd", "Cd", "Cd", "Cd", "Cd", "Cd", "Cd", "Cd", "Cd", "Cd", "Cd", "Cd", "Cd", "Cd", "Cd", "Cd", "Cd", "Cd"], "abc": [5.23184, 6.4787, 31.14401], "angles": [90.0, 90.0, 113.8142], "cartesian": true, "props": ["", "", "", "", "", "", "", "", "", "", "", "", "", "", "", "", "", ""]}}