{"name": "JVASP-25379_H_1_1_1", "surf_en": 5.230674857780019, "energy": -130.2556915115219, "perf_atoms": {"directgap": 12.958051701851875, "indirectgap": 12.958051701851875, "energy": -25.700850290067496, "force": "na", "stress": "na"}, "defect_atoms": {"lattice_mat": [[6.319473151220756, 0.0, 0.0], [2.700029685355008, 5.79623803202575, 0.0], [0.0, 0.0, 33.79484815198336]], "coords": [[1.5647669674169309, 2.1255091055943773, 2.3162747019404555], [5.184210433282679, 0.43948366145190026, 4.948749393937683], [5.1842138991484275, 4.549698217309423, 7.5812240859349105], [2.4841873650141744, 2.8636727731669467, 10.213698777932139], [6.103630830879923, 1.1776473290244676, 12.846173469929365], [6.103634296745669, 5.287861884881991, 15.478648161926593], [7.053493689490693, 3.5798419895739317, 0.045553032753124834], [4.35346715535644, 1.8938165454314544, 2.6780277247503523], [1.6534406212221877, 0.20779110128897624, 5.310502416747581], [7.972914087087936, 4.318005657146498, 7.942977108744809], [5.272887552953689, 2.631980213004022, 10.575451800742036], [2.5728610188194323, 0.9459547688615453, 13.20792649273926], [5.096624138503063, 1.9521662151255805, 2.5869235072607366], [2.3965976043688104, 0.2661407709831027, 5.219398199257964], [2.3966010702345595, 4.376355326840625, 7.851872891255192], [6.016044536100309, 2.6903298826981477, 10.48434758325242], [3.316018001966056, 1.0043044385556725, 13.116822275249646], [3.3160214678317996, 5.114518994413197, 15.749296967246872], [4.265880860576825, 3.4064990991051345, 0.3162018380734059], [1.5658543264425724, 1.7204736549626571, 2.9486765300706335], [5.185297792308322, 0.034448210820179265, 5.581151222067861], [5.185301258174069, 4.144662766677702, 8.213625914065089], [2.485274724039815, 2.4586373225352243, 10.846100606062318], [6.104718189905564, 0.772611878392749, 13.478575298059543], [6.074518385704813, 5.023628121607253, 2.3162747019404555], [3.374491851570562, 3.3376026774647745, 4.948749393937684], [6.993935317436311, 1.6515772333222973, 7.5812240859349105], [6.993938783302053, 5.76179178917982, 10.213698777932139], [4.293912249167805, 4.075766345037343, 12.846173469929365], [1.5938857150335524, 2.389740900894867, 15.478648161926593], [2.543745107778575, 0.681721005586806, 0.045553032753124834], [2.543748573644324, 4.791935561444329, 2.6780277247503532], [6.16319203951007, 3.1059101173018515, 5.31050241674758], [3.463165505375822, 1.4198846731593742, 7.942977108744809], [3.4631689712415654, 5.530099229016897, 10.575451800742037], [7.082612437107318, 3.844073784874421, 13.20792649273926], [3.2869024055701908, 4.850285231138454, 2.5869235072607366], [6.9063458714359385, 3.1642597869959763, 5.219398199257965], [4.206319337301686, 1.478234342853499, 7.851872891255192], [4.206322803167434, 5.588448898711021, 10.484347583252422], [7.825766269033183, 3.9024234545685434, 13.116822275249648], [5.125739734898929, 2.2163980104260697, 15.749296967246872], [6.075599127643951, 0.5083781151180085, 0.3162018380734059], [6.0756025935097, 4.618592670975532, 2.9486765300706335], [3.3755760593754474, 2.9325672268330534, 5.581151222067861], [0.6755495252411954, 1.246541782690576, 8.213625914065089], [6.995022991106945, 5.356756338548099, 10.846100606062318], [4.294996456972688, 3.6707308944056227, 13.478575298059543]], "elements": ["H", "H", "H", "H", "H", "H", "H", "H", "H", "H", "H", "H", "H", "H", "H", "H", "H", "H", "H", "H", "H", "H", "H", "H", "H", "H", "H", "H", "H", "H", "H", "H", "H", "H", "H", "H", "H", "H", "H", "H", "H", "H", "H", "H", "H", "H", "H", "H"], "abc": [6.31947, 6.39426, 33.79485], "angles": [90.0, 90.0, 65.0227], "cartesian": true, "props": ["", "", "", "", "", "", "", "", "", "", "", "", "", "", "", "", "", "", "", "", "", "", "", "", "", "", "", "", "", "", "", "", "", "", "", "", "", "", "", "", "", "", "", "", "", "", "", ""]}}