{"name": "JVASP-1014_Ta_1_1_1", "surf_en": 2.467732391030714, "energy": -156.58963414461124, "perf_atoms": {"directgap": 0.0, "indirectgap": -1.2429220849589115, "energy": -20.306149987965366, "force": "na", "stress": "na"}, "defect_atoms": {"lattice_mat": [[4.683422770239731, 0.0, 0.0], [2.341711385119866, 4.055963095690097, 0.0], [0.0, 0.0, 33.29599471575919]], "coords": [[2.341704459520542, 3.095690099035e-06, 0.4779974769878703], [2.3417058446404075, 2.703975397126733, 2.389996816457771], [4.683417229760272, 1.351987698563367, 4.3019961559276725], [2.341708614880139, 9.0060403579173e-16, 6.213995495397574], [2.3417100000000026, 2.703972301436635, 8.125994834867475], [4.683421385119866, 1.3519846028732694, 10.037994174337376], [4.683422770239735, 4.055956904309903, 11.949993513807279], [2.341714155359595, 2.703969205746537, 13.86199285327718], [4.6834158446404075, 1.3519907942534648, 1.4339971467228212], [2.341707229760272, 3.095690098134396e-06, 3.3459964861927225], [2.341708614880137, 2.7039753971267326, 5.257995825662624], [4.683420000000003, 1.351987698563366, 7.1699951651325255], [2.3417113851198663, 9.0060403579173e-16, 9.081994504602426], [2.3417127702397336, 2.703972301436634, 10.993993844072328], [4.6834241553595986, 1.3519846028732676, 12.905993183542229], [4.683425540479463, 4.055956904309903, 14.81799252301213]], "elements": ["Ta", "Ta", "Ta", "Ta", "Ta", "Ta", "Ta", "Ta", "Ta", "Ta", "Ta", "Ta", "Ta", "Ta", "Ta", "Ta"], "abc": [4.68342, 4.683419, 33.29599], "angles": [90.0, 90.0, 60.0], "cartesian": true, "props": ["", "", "", "", "", "", "", "", "", "", "", "", "", "", "", ""]}}