{"name": "JVASP-949_O_1_1_1", "surf_en": 0.0994498850811404, "energy": -324.3683059478523, "perf_atoms": {"directgap": 1.2121179993748215, "indirectgap": 1.1075492561548175, "energy": -81.31591352623985, "force": "na", "stress": "na"}, "defect_atoms": {"lattice_mat": [[10.274420069147457, 0.0, 0.0], [-2.1089838598450457, 7.010037279523775, 0.0], [0.0, 0.0, 28.509825305644632]], "coords": [[3.025138909591241, 3.672953430889513, 0.15273214543463703], [1.6045530396064176, 0.7742247368500861, 2.7801884718457948], [8.34940716962159, 4.885536042810659, 5.407644798256953], [6.928821299636765, 1.9868073487712328, 8.03510112466811], [2.9851417516353744, 2.98651680636716, 1.1731047623815907], [1.5645558816505507, 0.08778811232773404, 3.800561088792749], [8.309410011665722, 4.199099418288307, 6.428017415203906], [6.888824141680905, 1.3003707242488816, 9.055473741615064], [1.236618700363235, 5.023232651228764, 2.474728875331891], [-0.1839671696215906, 2.124503957189336, 5.1021852017430485], [6.560886960393583, 6.235815263149911, 7.729641528154206], [5.140301090408755, 3.337086569110487, 10.357097854565366], [1.2766158583191036, 5.709669275751119, 1.4543562583849372], [-0.143970011665722, 2.810940581711691, 4.0818125847960935], [6.60088411834945, 6.922251887672266, 6.709268911207251], [5.180298248364629, 4.023523193632841, 9.33672523761841], [4.287061177839336, 6.027640672994299, 1.582143571811473], [2.86647530785451, 3.128911978954871, 4.20959989822263], [1.4458894378696845, 0.2301832849154449, 6.8370562246337885], [8.19074356788486, 4.341494590876022, 9.464512551044947], [-0.02530356788486034, 2.66854540912398, 1.0453174489550545], [6.7195505621303155, 6.779856715084554, 3.6727737753662124], [5.298964692145485, 3.881128021045126, 6.30023010177737], [3.878378822160668, 0.9823993270057011, 8.92768642818853], [4.247484208734978, 5.340920787627401, 2.6035237844637824], [2.82689833875015, 2.442192093587975, 5.230980110874939], [-0.702667531234671, 6.553503399548547, 7.858436437286098], [8.151166598780502, 3.6547747055091193, 10.485892763697255], [0.014273401219497175, 3.3552652944908794, 0.023937236302745527], [8.868107531234672, 0.45653660045145295, 2.651393562713903], [5.338541661249845, 4.567847906412025, 5.278849889125061], [3.9179557912650225, 1.6691192123726004, 7.90630621553622], [8.162348944164972, 3.6729534308895118, 0.15273214543463703], [6.741763074180145, 0.7742247368500845, 2.7801884718457948], [3.2121972041953186, 4.885536042810659, 5.407644798256951], [1.791611334210493, 1.9868073487712345, 8.03510112466811], [8.122351786209101, 2.9865168063671588, 1.1731047623815902], [6.701765916224276, 0.08778811232773247, 3.8005610887927492], [3.17220004623945, 4.199099418288307, 6.428017415203906], [1.7516141762546324, 1.3003707242488816, 9.055473741615064], [6.373828665789507, 5.023232651228764, 2.474728875331891], [4.953242795804682, 2.124503957189338, 5.1021852017430485], [1.4236769258198556, 6.235815263149911, 7.7296415281542075], [0.0030910558350278907, 3.33708656911049, 10.357097854565366], [6.413825823745371, 5.709669275751119, 1.4543562583849372], [4.993239953760545, 2.810940581711692, 4.081812584796095], [1.4636740837757238, 6.922251887672266, 6.7092689112072526], [0.043088213790901976, 4.023523193632841, 9.33672523761841], [-0.8501487875869336, 6.0276406729942975, 1.582143571811473], [8.003685342428236, 3.1289119789548696, 4.20959989822263], [6.583099472443411, 0.2301832849154449, 6.8370562246337885], [3.0535336024585904, 4.341494590876018, 9.464512551044947], [5.1119063975414125, 2.66854540912398, 1.0453174489550545], [1.582340527556586, 6.779856715084554, 3.6727737753662124], [0.16175465757176294, 3.881128021045126, 6.30023010177737], [9.015588787586934, 0.982399327005698, 8.927686428188524], [-0.8897258258387507, 5.340920787627399, 2.6035237844637824], [7.964108304176425, 2.442192093587975, 5.230980110874941], [4.434542434191597, 6.553503399548547, 7.858436437286098], [3.0139565642067723, 3.654774705509116, 10.485892763697255], [5.151483435793226, 3.3552652944908794, 0.023937236302746114], [3.7308975658084003, 0.45653660045145295, 2.651393562713904], [0.20133169582357674, 4.567847906412027, 5.278849889125061], [9.055165825838754, 1.669119212372602, 7.90630621553622]], "elements": ["O", "O", "O", "O", "O", "O", "O", "O", "O", "O", "O", "O", "O", "O", "O", "O", "O", "O", "O", "O", "O", "O", "O", "O", "O", "O", "O", "O", "O", "O", "O", "O", "O", "O", "O", "O", "O", "O", "O", "O", "O", "O", "O", "O", "O", "O", "O", "O", "O", "O", "O", "O", "O", "O", "O", "O", "O", "O", "O", "O", "O", "O", "O", "O"], "abc": [10.27442, 7.320414, 28.50983], "angles": [90.0, 90.0, 106.744], "cartesian": true, "props": ["", "", "", "", "", "", "", "", "", "", "", "", "", "", "", "", "", "", "", "", "", "", "", "", "", "", "", "", "", "", "", "", "", "", "", "", "", "", "", "", "", "", "", "", "", "", "", "", "", "", "", "", "", "", "", "", "", "", "", "", "", "", "", ""]}}