{"name": "JVASP-993_Sb_1_1_1", "surf_en": 0.7821078505060669, "energy": -146.28629202869254, "perf_atoms": {"directgap": 0.19666875049272695, "indirectgap": 0.025737941820892382, "energy": -25.83860036620424, "force": "na", "stress": "na"}, "defect_atoms": {"lattice_mat": [[7.58612, 0.0, 0.0], [-3.79306, 11.791765956094109, 0.0], [0.0, 0.0, 30.910937783574255]], "coords": [[4.425236666666667, 5.835420358351835, 2.0095153911805355], [0.6321766666666655, 6.242123614187871, 4.161338355109577], [4.425236666666668, 6.648826870023907, 6.3131613190386195], [0.6321766666666665, 7.055530125859944, 8.46498428296766], [4.425236666666663, 7.462233381695979, 10.616807246896704], [0.6321766666666635, 7.868936637532014, 12.768630210825744], [1.8965299999999996, 8.124561562295932, 1.5768584317936163], [-1.896530000000001, 8.531264818131968, 3.7286813957226586], [1.8965299999999992, 8.937968073968005, 5.880504359651701], [-1.8965300000000012, 9.344671329804042, 8.032327323580743], [1.8965299999999985, 9.751374585640077, 10.184150287509784], [-1.896530000000001, 10.15807784147611, 12.335973251438826], [5.68959, 1.6336921585238857, 0.5749667485611745], [1.8965300000000007, 2.0403954143599203, 2.7267897124902163], [5.68959, 2.447098670195957, 4.878612676419258], [1.896529999999998, 2.8538019260319927, 7.0304356403483], [5.689589999999998, 3.2605051818680284, 9.182258604277342], [1.8965299999999987, 3.6672084377040632, 11.334081568206383], [3.1608833333333335, 3.9228333624679843, 0.14230978917425516], [-0.6321766666666666, 4.3295366183040205, 2.294132753103297], [3.160883333333333, 4.736239874140056, 4.445955717032339], [-0.6321766666666665, 5.142943129976092, 6.597778680961381], [3.1608833333333335, 5.549646385812127, 8.749601644890426], [-0.6321766666666666, 5.956349641648163, 10.901424608819463], [-0.6321766666666676, 9.630441258437862, 1.2922410698708544], [3.1608833333333335, 10.037144514273898, 3.4440640337998967], [-0.6321766666666662, 10.443847770109933, 5.595886997728938], [3.1608833333333344, 10.850551025945968, 7.747709961657981], [-0.63217666666667, 11.257254281782005, 9.89953292558702], [3.1608833333333304, 11.66395753761804, 12.051355889516064], [0.6321766666666653, 0.12781246238196195, 0.859584110483935], [4.425236666666666, 0.5345157182179964, 3.0114070744129773], [0.6321766666666686, 0.9412189740540334, 5.16323003834202], [4.425236666666669, 1.347922229890068, 7.315053002271062], [0.6321766666666652, 1.7546254857261048, 9.466875966200103], [4.425236666666665, 2.1613287415621407, 11.618698930129144]], "elements": ["Sb", "Sb", "Sb", "Sb", "Sb", "Sb", "Sb", "Sb", "Sb", "Sb", "Sb", "Sb", "Sb", "Sb", "Sb", "Sb", "Sb", "Sb", "Sb", "Sb", "Sb", "Sb", "Sb", "Sb", "Sb", "Sb", "Sb", "Sb", "Sb", "Sb", "Sb", "Sb", "Sb", "Sb", "Sb", "Sb"], "abc": [7.58612, 12.386813, 30.91094], "angles": [90.0, 90.0, 107.8314], "cartesian": true, "props": ["", "", "", "", "", "", "", "", "", "", "", "", "", "", "", "", "", "", "", "", "", "", "", "", "", "", "", "", "", "", "", "", "", "", "", ""]}}