{"name": "JVASP-984_Rh_1_0_0", "surf_en": 2.8869985315197026, "energy": -191.7673671924449, "perf_atoms": {"directgap": 0.0, "indirectgap": -1.0280139530403765, "energy": -28.152444950755335, "force": "na", "stress": "na"}, "defect_atoms": {"lattice_mat": [[3.83221, 0.0, 0.0], [0.0, 3.83221, 0.0], [0.0, 0.0, 44.82547]], "coords": [[2.8741575, 2.8741575, 2.8741574999999986], [2.8741575, 2.8741575, 6.706367499999998], [2.8741575, 2.8741575, 10.538577499999999], [2.8741575, 2.8741575, 14.370787499999997], [2.8741575, 2.8741575, 18.2029975], [2.8741575, 2.8741575, 22.0352075], [2.8741575, 2.8741575, 25.867417500000002], [0.9580525, 0.9580525, 2.8741574999999986], [0.9580525, 0.9580525, 6.706367499999998], [0.9580525, 0.9580525, 10.538577499999999], [0.9580525, 0.9580525, 14.370787499999997], [0.9580525, 0.9580525, 18.2029975], [0.9580525, 0.9580525, 22.0352075], [0.9580525, 0.9580525, 25.867417500000002], [2.8741575, 0.9580525, 0.9580524999999981], [2.8741575, 0.9580525, 4.790262499999998], [2.8741575, 0.9580525, 8.622472499999999], [2.8741575, 0.9580525, 12.454682499999999], [2.8741575, 0.9580525, 16.2868925], [2.8741575, 0.9580525, 20.119102499999993], [2.8741575, 0.9580525, 23.951312499999997], [0.9580525, 2.8741575, 0.9580524999999981], [0.9580525, 2.8741575, 4.790262499999998], [0.9580525, 2.8741575, 8.622472499999999], [0.9580525, 2.8741575, 12.454682499999999], [0.9580525, 2.8741575, 16.2868925], [0.9580525, 2.8741575, 20.119102499999993], [0.9580525, 2.8741575, 23.951312499999997]], "elements": ["Rh", "Rh", "Rh", "Rh", "Rh", "Rh", "Rh", "Rh", "Rh", "Rh", "Rh", "Rh", "Rh", "Rh", "Rh", "Rh", "Rh", "Rh", "Rh", "Rh", "Rh", "Rh", "Rh", "Rh", "Rh", "Rh", "Rh", "Rh"], "abc": [3.83221, 3.83221, 44.82547], "angles": [90.0, 90.0, 90.0], "cartesian": true, "props": ["", "", "", "", "", "", "", "", "", "", "", "", "", "", "", "", "", "", "", "", "", "", "", "", "", "", "", ""]}}