{"name": "JVASP-984_Rh_1_1_0", "surf_en": 2.9552064004445944, "energy": -189.39506457339417, "perf_atoms": {"directgap": 0.0, "indirectgap": -1.0280139530403765, "energy": -28.152444950755335, "force": "na", "stress": "na"}, "defect_atoms": {"lattice_mat": [[5.419563355861799, 0.0, 0.0], [0.0, 3.83221, 0.0], [0.0, 0.0, 36.9684717455163]], "coords": [[2.0323295467245774, 2.8741575, 2.032335385690026], [4.742111224655477, 2.8741575, 4.742117063620926], [2.0323329025863766, 2.8741575, 7.451898741551823], [4.742114580517277, 2.8741575, 10.161680419482723], [2.0323362584481783, 2.8741575, 12.871462097413623], [4.742117936379075, 2.8741575, 15.581243775344522], [2.0323396143099774, 2.8741575, 18.291025453275424], [3.387220385690027, 0.9580525, 0.6774445467245763], [0.6774420636209256, 0.9580525, 3.3872262246554747], [3.3872237415518263, 0.9580525, 6.097007902586375], [0.6774454194827261, 0.9580525, 8.806789580517275], [3.387227097413628, 0.9580525, 11.516571258448176], [0.6774487753445253, 0.9580525, 14.226352936379072], [3.387230453275427, 0.9580525, 16.936134614309974], [0.6774387077591276, 0.9580525, 0.6774445467245763], [3.387220385690027, 0.9580525, 3.3872262246554756], [0.6774420636209268, 0.9580525, 6.097007902586375], [3.3872237415518263, 0.9580525, 8.806789580517274], [0.6774454194827261, 0.9580525, 11.516571258448176], [3.387227097413623, 0.9580525, 14.226352936379069], [0.6774487753445253, 0.9580525, 16.93613461430997], [4.742111224655477, 2.8741575, 2.032335385690026], [2.0323329025863766, 2.8741575, 4.742117063620926], [4.742114580517275, 2.8741575, 7.451898741551823], [2.0323362584481757, 2.8741575, 10.161680419482723], [4.742117936379075, 2.8741575, 12.871462097413623], [2.0323396143099726, 2.8741575, 15.581243775344522], [4.742121292240877, 2.8741575, 18.291025453275424]], "elements": ["Rh", "Rh", "Rh", "Rh", "Rh", "Rh", "Rh", "Rh", "Rh", "Rh", "Rh", "Rh", "Rh", "Rh", "Rh", "Rh", "Rh", "Rh", "Rh", "Rh", "Rh", "Rh", "Rh", "Rh", "Rh", "Rh", "Rh", "Rh"], "abc": [5.41956, 3.83221, 36.96847], "angles": [90.0, 90.0, 90.0], "cartesian": true, "props": ["", "", "", "", "", "", "", "", "", "", "", "", "", "", "", "", "", "", "", "", "", "", "", "", "", "", "", ""]}}