{"name": "JVASP-867_Cu_1_0_0", "surf_en": 2024.9797451580116, "energy": 3210.055566795215, "perf_atoms": {"directgap": 0.0, "indirectgap": -0.8367534232567361, "energy": -16.9075362311164, "force": "na", "stress": "na"}, "defect_atoms": {"lattice_mat": [[3.62621, 0.0, 0.0], [0.0, 3.62621, 0.0], [0.0, 0.0, 43.38347]], "coords": [[2.7196575, 2.7196575, 0.9065524999999995], [2.7196575, 2.7196575, 4.5327625], [2.7196575, 2.7196575, 8.158972499999999], [2.7196575, 2.7196575, 11.7851825], [2.7196575, 2.7196575, 15.411392499999998], [2.7196575, 2.7196575, 19.0376025], [2.7196575, 2.7196575, 22.6638125], [0.9065525, 0.9065525, 0.9065524999999995], [0.9065525, 0.9065525, 4.5327625], [0.9065525, 0.9065525, 8.158972499999999], [0.9065525, 0.9065525, 11.7851825], [0.9065525, 0.9065525, 15.411392499999998], [0.9065525, 0.9065525, 19.0376025], [0.9065525, 0.9065525, 22.6638125], [2.7196575, 0.9065525, 2.7196575000000003], [2.7196575, 0.9065525, 6.3458675], [2.7196575, 0.9065525, 9.9720775], [2.7196575, 0.9065525, 13.5982875], [2.7196575, 0.9065525, 17.2244975], [2.7196575, 0.9065525, 20.8507075], [2.7196575, 0.9065525, 24.4769175], [0.9065525, 2.7196575, 2.7196575000000003], [0.9065525, 2.7196575, 6.3458675], [0.9065525, 2.7196575, 9.9720775], [0.9065525, 2.7196575, 13.5982875], [0.9065525, 2.7196575, 17.2244975], [0.9065525, 2.7196575, 20.8507075], [0.9065525, 2.7196575, 24.4769175]], "elements": ["Cu", "Cu", "Cu", "Cu", "Cu", "Cu", "Cu", "Cu", "Cu", "Cu", "Cu", "Cu", "Cu", "Cu", "Cu", "Cu", "Cu", "Cu", "Cu", "Cu", "Cu", "Cu", "Cu", "Cu", "Cu", "Cu", "Cu", "Cu"], "abc": [3.62621, 3.62621, 43.38347], "angles": [90.0, 90.0, 90.0], "cartesian": true, "props": ["", "", "", "", "", "", "", "", "", "", "", "", "", "", "", "", "", "", "", "", "", "", "", "", "", "", "", ""]}}