{"name": "JVASP-14622_Ga_1_1_1", "surf_en": 1.0749976642426298, "energy": -142.82950024234958, "perf_atoms": {"directgap": 0.11012832658901953, "indirectgap": -0.27657638617232266, "energy": -25.01870229061302, "force": "na", "stress": "na"}, "defect_atoms": {"lattice_mat": [[6.48742152622288, 0.0, 0.0], [3.2042761465205634, 8.35417511016733, 0.0], [0.0, 0.0, 35.934240758349546]], "coords": [[8.286543061412951, 5.69642298816355, 2.265088751186591], [5.082268441115263, 4.437159890729074, 5.2541288775781805], [1.8779938208175804, 3.177896793294595, 8.243169003969774], [5.161139200519897, 1.9186336958601176, 11.232209130361362], [1.9568645802222098, 0.6593705984256406, 14.221249256752955], [8.444289959924523, 7.754287500991164, 17.210289383144545], [3.401259608450353, 4.993799670898198, 0.20929840784414283], [6.684404988152667, 3.7345365734637213, 3.1983385342357336], [3.4801303678549806, 2.4752734760292436, 6.187378660627323], [6.763275747557296, 1.2160103785947656, 9.176418787018914], [6.763281127259615, 8.310927281160287, 12.165458913410504], [3.559006506961929, 7.051664183725811, 15.154499039802095], [1.2474100400754637, 0.5998924990088363, 0.7239506168554553], [7.734835419777779, 7.694809401574359, 3.7129907432470453], [4.530560799480093, 6.435546304139881, 6.7020308696386355], [7.813706179182411, 5.176283206705404, 9.691070996030227], [4.609431558884724, 3.917020109270927, 12.680111122421815], [1.4051569385870377, 2.6577570118364506, 15.669151248813405], [6.132693493038061, 1.3025158162741879, 2.7797409601979006], [2.928418872740374, 0.043252718839710866, 5.768781086589492], [2.9284242524426913, 7.138169621405233, 8.757821212981085], [6.211569632145005, 5.878906523970756, 11.746861339372673], [3.007295011847318, 4.619643426536278, 14.735901465764265], [6.290440391549635, 3.360380329101802, 17.724941592155854], [3.4406942250412302, 1.5193354330798856, 2.2650887511865903], [0.23641960474354334, 0.2600723356454083, 5.254128877578181], [6.723844984445861, 7.354989238210931, 8.243169003969772], [3.5195703641481755, 6.095726140776453, 11.232209130361364], [6.802715743850489, 4.836463043341976, 14.221249256752952], [3.598441123552803, 3.5771999459075006, 17.21028938314454], [5.0428322983015095, 0.8167121158145343, 0.20929840784414383], [5.042837678003825, 7.911629018380057, 3.198338534235735], [8.325983057706141, 6.65236592094558, 6.187378660627323], [5.121708437408453, 5.393102823511102, 9.176418787018914], [1.9174338171107699, 4.1338397260766255, 12.165458913410504], [5.2005791968130834, 2.8745766286421492, 15.154499039802095], [6.093258876447185, 4.7769800540925, 0.7239506168554543], [2.8889842561495005, 3.517716956658023, 3.7129907432470453], [6.172129635851816, 2.258453859223546, 6.702030869638634], [2.9678550155541314, 0.999190761789068, 9.691070996030225], [9.455280395256445, 8.094107664354592, 12.680111122421813], [6.251005774958758, 6.834844566920114, 15.669151248813407], [4.491120803186902, 5.479603371357852, 2.7797409601979024], [7.7742661828892174, 4.220340273923375, 5.7687810865894935], [4.569991562591534, 2.961077176488898, 8.757821212981083], [1.3657169422938482, 1.7018140790544203, 11.746861339372675], [4.648862321996159, 0.4425509816199436, 14.735901465764261], [4.648867701698475, 7.5374678841854665, 17.724941592155854]], "elements": ["Ga", "Ga", "Ga", "Ga", "Ga", "Ga", "Ga", "Ga", "Ga", "Ga", "Ga", "Ga", "Ga", "Ga", "Ga", "Ga", "Ga", "Ga", "Ga", "Ga", "Ga", "Ga", "Ga", "Ga", "Ga", "Ga", "Ga", "Ga", "Ga", "Ga", "Ga", "Ga", "Ga", "Ga", "Ga", "Ga", "Ga", "Ga", "Ga", "Ga", "Ga", "Ga", "Ga", "Ga", "Ga", "Ga", "Ga", "Ga"], "abc": [6.48742, 8.947611, 35.93424], "angles": [90.0, 90.0, 69.0155], "cartesian": true, "props": ["", "", "", "", "", "", "", "", "", "", "", "", "", "", "", "", "", "", "", "", "", "", "", "", "", "", "", "", "", "", "", "", "", "", "", "", "", "", "", "", "", "", "", "", "", "", "", ""]}}