{"name": "JVASP-816_Al_1_1_1", "surf_en": 0.6602114676193487, "energy": -106.27623112641902, "perf_atoms": {"directgap": 7.55267962943007e-16, "indirectgap": -4.507506502479522, "energy": -15.520143563218912, "force": "na", "stress": "na"}, "defect_atoms": {"lattice_mat": [[5.75218638573195, 0.0, 0.0], [2.8760931928659748, 4.981539537346864, 0.0], [0.0, 0.0, 34.43824180883203]], "coords": [[6.471220526752591, 3.7361546530101486, 1.1741592247862702], [3.5951237196185657, 2.0756414738945272, 3.522479483190846], [0.7190269124845425, 0.4151282947789058, 5.870799741595422], [6.471210105350517, 3.736155115663284, 8.219119999999998], [3.595113298216494, 2.0756419365476626, 10.567440258404574], [0.7190164910824671, 0.41512875743204175, 12.915760516809152], [6.471199683948445, 3.7361555783164198, 15.264080775213726], [5.033177123185577, 1.2453844216835803, 1.1741592247862702], [5.033170316051555, 4.566411242567959, 3.522479483190846], [2.1570735089175304, 2.9058980634523377, 5.870799741595422], [5.033166701783505, 1.2453848843367163, 8.219119999999998], [5.033159894649481, 4.566411705221095, 10.567440258404574], [2.157063087515456, 2.9058985261054744, 12.915760516809152], [5.033156280381431, 1.2453853469898521, 15.264080775213726], [3.5951237196185666, 3.7361546530101486, 1.1741592247862702], [6.471216912484543, 2.075641473894527, 3.522479483190847], [3.595120105350517, 0.4151282947789058, 5.870799741595423], [3.5951132982164946, 3.736155115663284, 8.219119999999998], [6.471206491082472, 2.0756419365476617, 10.567440258404575], [3.5951096839484467, 0.41512875743203953, 12.915760516809152], [3.5951028768144204, 3.7361555783164198, 15.264080775213726], [2.1570803160515544, 1.2453844216835803, 1.1741592247862702], [7.9092635089175305, 4.566411242567959, 3.522479483190847], [5.033166701783505, 2.9058980634523377, 5.870799741595423], [2.1570698946494815, 1.2453848843367166, 8.219119999999998], [7.90925308751546, 4.5664117052210935, 10.567440258404577], [5.033156280381434, 2.905898526105472, 12.915760516809154], [2.1570594732474095, 1.2453853469898521, 15.264080775213726]], "elements": ["Al", "Al", "Al", "Al", "Al", "Al", "Al", "Al", "Al", "Al", "Al", "Al", "Al", "Al", "Al", "Al", "Al", "Al", "Al", "Al", "Al", "Al", "Al", "Al", "Al", "Al", "Al", "Al"], "abc": [5.75219, 5.752185, 34.43824], "angles": [90.0, 90.0, 60.0], "cartesian": true, "props": ["", "", "", "", "", "", "", "", "", "", "", "", "", "", "", "", "", "", "", "", "", "", "", "", "", "", "", ""]}}