{"name": "JVASP-943_Ni_1_1_1", "surf_en": 2.3369238969731274, "energy": -180.8724487284979, "perf_atoms": {"directgap": 1.510535925886014e-15, "indirectgap": -0.17667060641962637, "energy": -23.38912283669722, "force": "na", "stress": "na"}, "defect_atoms": {"lattice_mat": [[4.966703888918686, 0.0, 0.0], [2.483351944459343, 4.301291740878547, 0.0], [0.0, 0.0, 34.221186975130195]], "coords": [[4.345854236047792, 3.942850762472, 1.013825698380546], [1.862506180507134, 2.509086848845818, 3.041474070271819], [4.345858124966478, 1.075322935219636, 5.069122442163092], [4.345860069425822, 3.9428490215934544, 7.0967708140543655], [1.8625120138851634, 2.509085107967272, 9.124419185945639], [4.3458639583445065, 1.0753211943410899, 11.152067557836912], [4.345865902803851, 3.942847280714908, 13.179715929728184], [1.862517847263189, 2.5090833670887256, 15.207364301619458], [3.1041802082774628, 1.7922066329112742, 1.013825698380546], [0.6208321527368069, 0.3584427192850917, 3.041474070271819], [5.58753409719615, 3.2259688056589093, 5.069122442163092], [3.1041860416554923, 1.7922048920327278, 7.0967708140543655], [0.6208379861148366, 0.35844097840654565, 9.124419185945639], [5.587539930574177, 3.225967064780363, 11.152067557836912], [3.1041918750335196, 1.7922031511541812, 13.179715929728184], [0.6208438194928659, 0.35843923752799867, 15.207364301619458], [6.829206180507135, 3.942850762472, 1.013825698380546], [4.345858124966478, 2.5090868488458185, 3.041474070271818], [1.862510069425821, 1.0753229352196365, 5.069122442163092], [6.829212013885164, 3.9428490215934544, 7.096770814054365], [4.345863958344508, 2.509085107967272, 9.124419185945639], [1.8625159028038505, 1.0753211943410899, 11.15206755783691], [6.829217847263191, 3.94284728071491, 13.179715929728182], [4.345869791722532, 2.5090833670887274, 15.207364301619458], [5.587532152736808, 1.7922066329112742, 1.013825698380546], [3.104184097196149, 0.3584427192850917, 3.041474070271819], [3.104186041655492, 3.2259688056589098, 5.069122442163092], [5.587537986114837, 1.7922048920327283, 7.096770814054364], [3.104189930574177, 0.35844097840654615, 9.124419185945639], [3.1041918750335196, 3.225967064780364, 11.15206755783691], [5.587543819492863, 1.7922031511541832, 13.179715929728182], [3.104195763952205, 0.35843923752800055, 15.207364301619457]], "elements": ["Ni", "Ni", "Ni", "Ni", "Ni", "Ni", "Ni", "Ni", "Ni", "Ni", "Ni", "Ni", "Ni", "Ni", "Ni", "Ni", "Ni", "Ni", "Ni", "Ni", "Ni", "Ni", "Ni", "Ni", "Ni", "Ni", "Ni", "Ni", "Ni", "Ni", "Ni", "Ni"], "abc": [4.9667, 4.966701, 34.22119], "angles": [90.0, 90.0, 60.0], "cartesian": true, "props": ["", "", "", "", "", "", "", "", "", "", "", "", "", "", "", "", "", "", "", "", "", "", "", "", "", "", "", "", "", "", "", ""]}}