{"name": "JVASP-901_Ir_1_0_0", "surf_en": 3.6641973794516542, "energy": -258.9005925817677, "perf_atoms": {"directgap": 0.0, "indirectgap": -1.2583207181761817, "energy": -37.97262798872302, "force": "na", "stress": "na"}, "defect_atoms": {"lattice_mat": [[3.88352, 0.0, 0.0], [0.0, 3.88352, 0.0], [0.0, 0.0, 45.18464]], "coords": [[2.9126399999999997, 2.9126399999999997, 0.9708800000000056], [2.9126399999999997, 2.9126399999999997, 4.8544000000000045], [2.9126399999999997, 2.9126399999999997, 8.737920000000004], [2.9126399999999997, 2.9126399999999997, 12.621440000000005], [2.9126399999999997, 2.9126399999999997, 16.504960000000004], [2.9126399999999997, 2.9126399999999997, 20.38848], [2.9126399999999997, 2.9126399999999997, 24.272000000000002], [0.97088, 0.97088, 0.9708800000000056], [0.97088, 0.97088, 4.8544000000000045], [0.97088, 0.97088, 8.737920000000004], [0.97088, 0.97088, 12.621440000000005], [0.97088, 0.97088, 16.504960000000004], [0.97088, 0.97088, 20.38848], [0.97088, 0.97088, 24.272000000000002], [2.9126399999999997, 0.97088, 2.912640000000005], [2.9126399999999997, 0.97088, 6.796160000000003], [2.9126399999999997, 0.97088, 10.679680000000003], [2.9126399999999997, 0.97088, 14.563200000000004], [2.9126399999999997, 0.97088, 18.44672], [2.9126399999999997, 0.97088, 22.33024], [2.9126399999999997, 0.97088, 26.21376], [0.97088, 2.9126399999999997, 2.912640000000005], [0.97088, 2.9126399999999997, 6.796160000000003], [0.97088, 2.9126399999999997, 10.679680000000003], [0.97088, 2.9126399999999997, 14.563200000000004], [0.97088, 2.9126399999999997, 18.44672], [0.97088, 2.9126399999999997, 22.33024], [0.97088, 2.9126399999999997, 26.21376]], "elements": ["Ir", "Ir", "Ir", "Ir", "Ir", "Ir", "Ir", "Ir", "Ir", "Ir", "Ir", "Ir", "Ir", "Ir", "Ir", "Ir", "Ir", "Ir", "Ir", "Ir", "Ir", "Ir", "Ir", "Ir", "Ir", "Ir", "Ir", "Ir"], "abc": [3.88352, 3.88352, 45.18464], "angles": [90.0, 90.0, 90.0], "cartesian": true, "props": ["", "", "", "", "", "", "", "", "", "", "", "", "", "", "", "", "", "", "", "", "", "", "", "", "", "", "", ""]}}