{"name": "JVASP-963_Pd_1_1_0", "surf_en": 376.1471412387691, "energy": 907.318807659477, "perf_atoms": {"directgap": 1.3103899157061172e-13, "indirectgap": -0.31100200533637756, "energy": -17.683886693119284, "force": "na", "stress": "na"}, "defect_atoms": {"lattice_mat": [[5.568975018726516, 0.0, 0.0], [0.0, 3.93786, 0.0], [0.0, 0.0, 37.4914125655428]], "coords": [[2.088375594569413, 2.953395, 2.0883643492510418], [4.87286310393267, 2.953395, 4.8728518586143], [2.088370613295928, 2.953395, 7.657339367977558], [4.872858122659187, 2.953395, 10.441826877340818], [2.088365632022441, 2.953395, 13.226314386704074], [4.872853141385702, 2.953395, 16.010801896067335], [2.088360650748958, 2.953395, 18.79528940543059], [3.4806193492510418, 0.984465, 0.6961205945694122], [0.696126858614299, 0.984465, 3.4806081039326697], [3.480614367977556, 0.984465, 6.265095613295928], [0.6961218773408158, 0.984465, 9.049583122659188], [3.480609386704073, 0.984465, 11.834070632022442], [0.6961168960673288, 0.984465, 14.618558141385702], [3.4806044054305896, 0.984465, 17.403045650748965], [0.6961318398877836, 0.984465, 0.6961205945694122], [3.4806193492510418, 0.984465, 3.4806081039326697], [0.696126858614299, 0.984465, 6.265095613295928], [3.480614367977556, 0.984465, 9.049583122659188], [0.6961218773408145, 0.984465, 11.834070632022446], [3.480609386704073, 0.984465, 14.618558141385702], [0.6961168960673288, 0.984465, 17.403045650748965], [4.87286310393267, 2.953395, 2.0883643492510418], [2.088370613295928, 2.953395, 4.8728518586143], [4.872858122659187, 2.953395, 7.657339367977559], [2.0883656320224437, 2.953395, 10.441826877340818], [4.872853141385702, 2.953395, 13.226314386704074], [2.088360650748958, 2.953395, 16.010801896067335], [4.872848160112219, 2.953395, 18.79528940543059]], "elements": ["Pd", "Pd", "Pd", "Pd", "Pd", "Pd", "Pd", "Pd", "Pd", "Pd", "Pd", "Pd", "Pd", "Pd", "Pd", "Pd", "Pd", "Pd", "Pd", "Pd", "Pd", "Pd", "Pd", "Pd", "Pd", "Pd", "Pd", "Pd"], "abc": [5.56898, 3.93786, 37.49141], "angles": [90.0, 90.0, 90.0], "cartesian": true, "props": ["", "", "", "", "", "", "", "", "", "", "", "", "", "", "", "", "", "", "", "", "", "", "", "", "", "", "", ""]}}