{"name": "JVASP-890_Ge_1_1_1", "surf_en": 0.4636919261237124, "energy": -184.10420693470164, "perf_atoms": {"directgap": 4.153973796186538e-15, "indirectgap": -0.7520457775747147, "energy": -37.48659142896283, "force": "na", "stress": "na"}, "defect_atoms": {"lattice_mat": [[8.143395245534874, 0.0, 0.0], [4.071697622767438, 7.052387155690616, 0.0], [0.0, 0.0, 34.62263593780582]], "coords": [[5.0896315373895495, 1.7630967889226545, 2.0778315233228195], [5.089629160156986, 6.464691070359115, 5.402358710883983], [9.161326782924423, 4.113895351795576, 8.726885898445145], [5.089624405691863, 1.7630996332320334, 12.05141308600631], [5.0896220284592975, 6.464693914668495, 15.375940273567474], [5.08963153738955, 4.113892507486193, 1.2466997264325292], [1.0179291601569866, 1.7630967889226543, 4.571226913993692], [9.161326782924425, 6.464691070359114, 7.8957541015548545], [5.089624405691861, 4.113895351795574, 11.220281289116022], [9.161322028459294, 1.763099633232035, 14.544808476677183], [7.1254803487732685, 5.289290366767963, 2.0778315233228195], [3.053777971540705, 2.9384946482044234, 5.402358710883983], [7.125475594308142, 0.5876989296408844, 8.726885898445145], [7.125473217075579, 5.289293211077342, 12.05141308600631], [3.0537708398430183, 2.9384974925138057, 15.37594027356747], [3.053780348773269, 0.5876960853315027, 1.2466997264325292], [3.0537779715407054, 5.289290366767962, 4.571226913993692], [7.125475594308142, 2.938494648204423, 7.8957541015548545], [3.0537732170755807, 0.5876989296408821, 11.220281289116022], [11.197170839843016, 5.289293211077345, 14.544808476677183], [1.0179291601569864, 1.7630967889226539, 2.0778315233228204], [9.161326782924423, 6.464691070359114, 5.402358710883983], [5.089624405691862, 4.113895351795576, 8.726885898445145], [9.161322028459297, 1.763099633232035, 12.05141308600631], [9.161319651226732, 6.464693914668495, 15.37594027356747], [9.161329160156987, 4.113892507486193, 1.2466997264325292], [5.089626782924422, 1.7630967889226545, 4.571226913993692], [5.089624405691859, 6.464691070359115, 7.8957541015548545], [9.161322028459299, 4.113895351795574, 11.220281289116018], [5.089619651226728, 1.763099633232035, 14.54480847667718], [3.0537779715407054, 5.289290366767962, 2.0778315233228195], [7.12547559430814, 2.938494648204423, 5.402358710883982], [3.053773217075578, 0.5876989296408837, 8.726885898445145], [11.19717083984302, 5.289293211077345, 12.05141308600631], [7.125468462610453, 2.9384974925138057, 15.37594027356747], [7.125477971540704, 0.5876960853315012, 1.2466997264325292], [7.125475594308142, 5.289290366767963, 4.571226913993692], [3.053773217075576, 2.938494648204424, 7.8957541015548545], [7.125470839843019, 0.5876989296408829, 11.220281289116018], [7.125468462610448, 5.289293211077344, 14.544808476677183]], "elements": ["Ge", "Ge", "Ge", "Ge", "Ge", "Ge", "Ge", "Ge", "Ge", "Ge", "Ge", "Ge", "Ge", "Ge", "Ge", "Ge", "Ge", "Ge", "Ge", "Ge", "Ge", "Ge", "Ge", "Ge", "Ge", "Ge", "Ge", "Ge", "Ge", "Ge", "Ge", "Ge", "Ge", "Ge", "Ge", "Ge", "Ge", "Ge", "Ge", "Ge"], "abc": [8.1434, 8.143399, 34.62264], "angles": [90.0, 90.0, 60.0], "cartesian": true, "props": ["", "", "", "", "", "", "", "", "", "", "", "", "", "", "", "", "", "", "", "", "", "", "", "", "", "", "", "", "", "", "", "", "", "", "", "", "", "", "", ""]}}