{"name": "JVASP-963_Pd_1_1_1", "surf_en": 0.9393750495836256, "energy": -120.63343549116945, "perf_atoms": {"directgap": 1.3103899157061172e-13, "indirectgap": -0.31100200533637756, "energy": -17.683886693119284, "force": "na", "stress": "na"}, "defect_atoms": {"lattice_mat": [[5.568975018726516, 0.0, 0.0], [2.784487509363258, 4.822873839258083, 0.0], [0.0, 0.0, 33.914671717217416]], "coords": [[6.265111839887779, 3.617155379443562, 1.1367614069068224], [3.480619349251037, 2.009530766357534, 3.4102859379378816], [0.6961268586142969, 0.4019061532715074, 5.68381046896894], [6.265104367977556, 3.6171515401854792, 7.957335], [3.4806118773408152, 2.009526927099453, 10.230859531031058], [0.696119386704076, 0.4019023140134257, 12.504384062062117], [6.265096896067329, 3.617147700927397, 14.777908593093176], [4.872865594569408, 1.2057222990726029, 1.1367614069068224], [4.872863103932667, 4.420967685986576, 3.4102859379378816], [2.088370613295925, 2.813343072900549, 5.68381046896894], [4.872858122659186, 1.2057184598145212, 7.957335], [4.8728556320224445, 4.420963846728494, 10.230859531031058], [2.088363141385703, 2.8133392336424667, 12.504384062062117], [4.872850650748963, 1.2057146205564393, 14.777908593093176], [3.480619349251037, 3.617155379443562, 1.1367614069068224], [6.265106858614296, 2.0095307663575346, 3.41028593793788], [3.480614367977556, 0.4019061532715074, 5.68381046896894], [3.4806118773408143, 3.6171515401854792, 7.957335], [6.265099386704076, 2.009526927099453, 10.230859531031058], [3.4806068960673295, 0.4019023140134257, 12.504384062062117], [3.4806044054305922, 3.617147700927397, 14.777908593093176], [2.0883731039326663, 1.2057222990726029, 1.1367614069068224], [7.657350613295925, 4.420967685986576, 3.41028593793788], [4.872858122659186, 2.813343072900549, 5.6838104689689395], [2.088365632022444, 1.2057184598145216, 7.957335], [7.657343141385702, 4.420963846728494, 10.23085953103106], [4.872850650748964, 2.8133392336424667, 12.504384062062119], [2.0883581601122216, 1.2057146205564393, 14.777908593093178]], "elements": ["Pd", "Pd", "Pd", "Pd", "Pd", "Pd", "Pd", "Pd", "Pd", "Pd", "Pd", "Pd", "Pd", "Pd", "Pd", "Pd", "Pd", "Pd", "Pd", "Pd", "Pd", "Pd", "Pd", "Pd", "Pd", "Pd", "Pd", "Pd"], "abc": [5.56898, 5.568973, 33.91467], "angles": [90.0, 90.0, 60.0], "cartesian": true, "props": ["", "", "", "", "", "", "", "", "", "", "", "", "", "", "", "", "", "", "", "", "", "", "", "", "", "", "", ""]}}