{"name": "JVASP-1002_Si_1_1_0", "surf_en": 1.8217252177306482, "energy": -212.4801988359077, "perf_atoms": {"directgap": 1.0612193616730607, "indirectgap": 0.3280652656264309, "energy": -44.439862642775026, "force": "na", "stress": "na"}, "defect_atoms": {"lattice_mat": [[7.769166052659705, 0.0, 0.0], [0.0, 5.49363, 0.0], [0.0, 0.0, 37.422915131649276]], "coords": [[3.8845869736701433, 4.80692625, 2.913439703922757], [7.769169999999996, 4.80692625, 6.798022730252611], [3.884583026329849, 4.80692625, 10.682605756582465], [7.769166052659704, 4.80692625, 14.567188782912316], [3.884579078989559, 4.80692625, 18.451771809242167], [5.8268824341753644, 3.4335187499999997, 2.913439703922758], [1.942295460505218, 3.4335187499999997, 6.798022730252611], [5.826878486835072, 3.4335187499999997, 10.682605756582465], [1.9422915131649237, 3.4335187499999997, 14.567188782912314], [5.826874539494781, 3.4335187499999997, 18.45177180924217], [5.8268824341753644, 2.06011125, 0.9711481907578312], [1.942295460505218, 2.06011125, 4.855731217087685], [5.826878486835072, 2.06011125, 8.740314243417538], [1.9422915131649237, 2.06011125, 12.62489726974739], [5.826874539494778, 2.06011125, 16.509480296077243], [3.947340290099344e-06, 0.68670375, 0.9711481907578312], [3.884586973670144, 0.68670375, 4.855731217087685], [7.769169999999998, 0.68670375, 8.740314243417536], [3.884583026329849, 0.68670375, 12.62489726974739], [7.769166052659704, 0.68670375, 16.509480296077246], [1.9422954605052172, 2.06011125, 0.9711481907578312], [5.82687848683507, 2.06011125, 4.8557312170876825], [1.9422915131649237, 2.06011125, 8.740314243417536], [5.826874539494781, 2.06011125, 12.624897269747391], [1.9422875658246317, 2.06011125, 16.509480296077246], [3.884590921010438, 0.68670375, 0.9711481907578312], [3.9473402909618946e-06, 0.68670375, 4.855731217087685], [3.884586973670144, 0.68670375, 8.740314243417536], [7.769169999999998, 0.68670375, 12.62489726974739], [3.8845830263298504, 0.68670375, 16.509480296077243], [3.947340290099344e-06, 4.80692625, 2.913439703922757], [3.8845869736701433, 4.80692625, 6.798022730252611], [7.769169999999996, 4.80692625, 10.682605756582465], [3.8845830263298504, 4.80692625, 14.567188782912318], [7.769166052659704, 4.80692625, 18.45177180924217], [1.9422954605052172, 3.4335187499999997, 2.913439703922757], [5.82687848683507, 3.4335187499999997, 6.798022730252611], [1.9422915131649252, 3.4335187499999997, 10.682605756582465], [5.826874539494778, 3.4335187499999997, 14.567188782912316], [1.9422875658246284, 3.4335187499999997, 18.45177180924217]], "elements": ["Si", "Si", "Si", "Si", "Si", "Si", "Si", "Si", "Si", "Si", "Si", "Si", "Si", "Si", "Si", "Si", "Si", "Si", "Si", "Si", "Si", "Si", "Si", "Si", "Si", "Si", "Si", "Si", "Si", "Si", "Si", "Si", "Si", "Si", "Si", "Si", "Si", "Si", "Si", "Si"], "abc": [7.76917, 5.49363, 37.42292], "angles": [90.0, 90.0, 90.0], "cartesian": true, "props": ["", "", "", "", "", "", "", "", "", "", "", "", "", "", "", "", "", "", "", "", "", "", "", "", "", "", "", "", "", "", "", "", "", "", "", "", "", "", "", ""]}}