{"name": "JVASP-79561_W_1_1_1", "surf_en": 4.312264622437328, "energy": -180.93619710666027, "perf_atoms": {"directgap": 0.0, "indirectgap": -0.5431539936434948, "energy": -23.797903105248153, "force": "na", "stress": "na"}, "defect_atoms": {"lattice_mat": [[4.498570915501944, 0.0, 0.0], [2.2492854577509718, 3.8958766935505036, 0.0], [0.0, 0.0, 32.69227108627299]], "coords": [[4.498568168996111, 3.895876693550505, 0.45913292830953634], [2.249283626747083, 2.59725112903367, 2.29566681409366], [4.4985690844980555, 1.2986255645168354, 4.132200699877783], [2.249284542249027, 8.65059135435331e-16, 5.968734585661907], [2.249290000000001, 2.5972544354831664, 7.8052684714460305], [4.498575457750974, 1.2986288709663303, 9.641802357230153], [2.249290915501943, 3.3064494969227143e-06, 11.478336243014278], [2.2492963732529203, 2.5972577419326615, 13.3148701287984], [4.498563626747084, 1.2986222580673394, 1.377399871201598], [4.4985690844980555, 3.895876693550505, 3.2139337569857216], [2.2492845422490286, 2.59725112903367, 5.050467642769845], [4.49857, 1.2986255645168354, 6.887001528553967], [2.249285457750974, 8.65059135435331e-16, 8.723535414338093], [2.2492909155019474, 2.5972544354831655, 10.560069300122217], [4.498576373252919, 1.2986288709663303, 12.39660318590634], [2.2492918310038883, 3.306449494327537e-06, 14.233137071690464]], "elements": ["W", "W", "W", "W", "W", "W", "W", "W", "W", "W", "W", "W", "W", "W", "W", "W"], "abc": [4.49857, 4.498576, 32.69227], "angles": [90.0, 90.0, 60.0], "cartesian": true, "props": ["", "", "", "", "", "", "", "", "", "", "", "", "", "", "", ""]}}