{"name": "JVASP-901_Ir_1_1_1", "surf_en": 3.016478844511054, "energy": -255.95871829837296, "perf_atoms": {"directgap": 0.0, "indirectgap": -1.2583207181761817, "energy": -37.97262798872302, "force": "na", "stress": "na"}, "defect_atoms": {"lattice_mat": [[5.492126653747162, 0.0, 0.0], [2.7460633268735806, 4.756321202946665, 0.0], [0.0, 0.0, 33.695059221823065]], "coords": [[6.178652524224071, 3.5672409022099973, 1.1210760477901092], [3.432585851097652, 1.9818005012277762, 3.3632273651934055], [0.6865191779712329, 0.3963601002455552, 5.605378682596702], [6.178642504844817, 3.5672396992633337, 7.847529999999998], [3.432575831718395, 1.9817992982811128, 10.089681317403294], [0.6865091585919778, 0.39635889729889084, 12.331832634806592], [6.1786324854655605, 3.5672384963166692, 14.573983952209888], [4.805624187660861, 1.1890815036833304, 1.1210760477901092], [4.805617514534443, 4.359961102701108, 3.3632273651934055], [2.059550841408025, 2.7745207017188873, 5.605378682596702], [4.805614168281607, 1.1890803007366662, 7.847529999999998], [4.805607495155187, 4.359959899754445, 10.089681317403294], [2.0595408220287696, 2.7745194987722233, 12.331832634806592], [4.805604148902354, 1.1890790977900023, 14.573983952209888], [3.4325858510976515, 3.5672409022099973, 1.12107604779011], [6.178649177971233, 1.9818005012277766, 3.3632273651934055], [3.432582504844815, 0.3963601002455552, 5.605378682596703], [3.432575831718397, 3.5672396992633337, 7.847529999999999], [6.178639158591977, 1.9817992982811137, 10.089681317403294], [3.4325724854655593, 0.3963588972988919, 12.331832634806592], [3.4325658123391394, 3.5672384963166692, 14.573983952209888], [2.059557514534443, 1.1890815036833304, 1.12107604779011], [7.551680841408024, 4.359961102701109, 3.3632273651934055], [4.805614168281606, 2.7745207017188873, 5.605378682596702], [2.0595474951551886, 1.1890803007366662, 7.847529999999999], [7.551670822028768, 4.359959899754446, 10.089681317403294], [4.805604148902346, 2.774519498772224, 12.331832634806592], [2.0595374757759295, 1.1890790977900023, 14.573983952209888]], "elements": ["Ir", "Ir", "Ir", "Ir", "Ir", "Ir", "Ir", "Ir", "Ir", "Ir", "Ir", "Ir", "Ir", "Ir", "Ir", "Ir", "Ir", "Ir", "Ir", "Ir", "Ir", "Ir", "Ir", "Ir", "Ir", "Ir", "Ir", "Ir"], "abc": [5.49213, 5.492124, 33.69506], "angles": [90.0, 90.0, 60.0], "cartesian": true, "props": ["", "", "", "", "", "", "", "", "", "", "", "", "", "", "", "", "", "", "", "", "", "", "", "", "", "", "", ""]}}