{"name": "JVASP-1014_Ta_1_1_0", "surf_en": 1.9634160439514807, "energy": -158.64262765723294, "perf_atoms": {"directgap": 0.0, "indirectgap": -1.2429220849589115, "energy": -20.306149987965366, "force": "na", "stress": "na"}, "defect_atoms": {"lattice_mat": [[4.683422770239731, 0.0, 0.0], [0.0, 3.31168, 0.0], [0.0, 0.0, 36.73369108095892]], "coords": [[4.683414459520537, 2.48376, 1.1708551520804702], [2.3417058446404027, 2.48376, 3.512566537200335], [4.683417229760267, 2.48376, 5.854277922320201], [2.341708614880134, 2.48376, 8.195989307440067], [4.683419999999998, 2.48376, 10.537700692559932], [2.3417113851198637, 2.48376, 12.879412077679799], [2.7702397316077665e-06, 2.48376, 15.221123462799664], [2.3417141553595955, 2.48376, 17.56283484791953], [2.3417058446404027, 0.82792, 1.1708551520804702], [4.683417229760267, 0.82792, 3.512566537200335], [2.341708614880133, 0.82792, 5.854277922320201], [4.683419999999998, 0.82792, 8.195989307440067], [2.3417113851198637, 0.82792, 10.537700692559932], [2.7702397316077665e-06, 0.82792, 12.879412077679799], [2.3417141553595995, 0.82792, 15.221123462799664], [5.54047945905582e-06, 0.82792, 17.56283484791953]], "elements": ["Ta", "Ta", "Ta", "Ta", "Ta", "Ta", "Ta", "Ta", "Ta", "Ta", "Ta", "Ta", "Ta", "Ta", "Ta", "Ta"], "abc": [4.68342, 3.31168, 36.73369], "angles": [90.0, 90.0, 90.0], "cartesian": true, "props": ["", "", "", "", "", "", "", "", "", "", "", "", "", "", "", ""]}}