{"name": "JVASP-825_Au_1_1_0", "surf_en": 5.239070371182468, "energy": -90.87812243068205, "perf_atoms": {"directgap": 0.0, "indirectgap": -0.6047366846808181, "energy": -15.26441247089267, "force": "na", "stress": "na"}, "defect_atoms": {"lattice_mat": [[5.873073361043603, 0.0, 0.0], [0.0, 4.15289, 0.0], [0.0, 0.0, 38.55575676365261]], "coords": [[0.7341274480432486, 3.1146675000000004, 0.734135788304143], [3.6706641285650496, 3.1146675000000004, 3.670672468825945], [0.7341308090868496, 3.1146675000000004, 6.607209149347746], [3.670667489608651, 3.1146675000000004, 9.543745829869549], [0.7341341701304507, 3.1146675000000004, 12.48028251039135], [3.6706708506522534, 3.1146675000000004, 15.41681919091315], [0.734137531174053, 3.1146675000000004, 18.353355871434953], [5.138932468825951, 1.0382225, 2.202404128565044], [2.202399149347751, 1.0382225, 5.138940809086846], [5.138935829869551, 1.0382225, 8.075477489608646], [2.202402510391352, 1.0382225, 11.012014170130447], [5.138939190913154, 1.0382225, 13.94855085065225], [2.202405871434954, 1.0382225, 16.88508753117405], [5.138942551956757, 1.0382225, 19.821624211695852], [2.20239578830415, 1.0382225, 2.202404128565044], [5.13893246882595, 1.0382225, 5.138940809086846], [2.202399149347751, 1.0382225, 8.075477489608646], [5.138935829869551, 1.0382225, 11.012014170130447], [2.202402510391352, 1.0382225, 13.94855085065225], [5.138939190913154, 1.0382225, 16.88508753117405], [2.202405871434954, 1.0382225, 19.821624211695855], [3.6706641285650496, 3.1146675000000004, 0.734135788304143], [0.7341308090868496, 3.1146675000000004, 3.670672468825945], [3.670667489608651, 3.1146675000000004, 6.607209149347747], [0.7341341701304507, 3.1146675000000004, 9.543745829869549], [3.6706708506522534, 3.1146675000000004, 12.48028251039135], [0.7341375311740556, 3.1146675000000004, 15.416819190913149], [3.670674211695858, 3.1146675000000004, 18.353355871434953]], "elements": ["Au", "Au", "Au", "Au", "Au", "Au", "Au", "Au", "Au", "Au", "Au", "Au", "Au", "Au", "Au", "Au", "Au", "Au", "Au", "Au", "Au", "Au", "Au", "Au", "Au", "Au", "Au", "Au"], "abc": [5.87307, 4.15289, 38.55576], "angles": [90.0, 90.0, 90.0], "cartesian": true, "props": ["", "", "", "", "", "", "", "", "", "", "", "", "", "", "", "", "", "", "", "", "", "", "", "", "", "", "", ""]}}