{"name": "JVASP-79561_W_1_0_0", "surf_en": 4.6952682897633, "energy": -184.44454965194603, "perf_atoms": {"directgap": 0.0, "indirectgap": -0.5431539936434948, "energy": -23.797903105248153, "force": "na", "stress": "na"}, "defect_atoms": {"lattice_mat": [[3.18097, 0.0, 0.0], [0.0, 3.18097, 0.0], [0.0, 0.0, 43.44776]], "coords": [[2.3857275, 2.3857275, 0.7952425], [2.3857275, 2.3857275, 3.9762125], [2.3857275, 2.3857275, 7.157182499999999], [2.3857275, 2.3857275, 10.3381525], [2.3857275, 2.3857275, 13.5191225], [2.3857275, 2.3857275, 16.7000925], [2.3857275, 2.3857275, 19.8810625], [2.3857275, 2.3857275, 23.0620325], [0.7952425, 0.7952425, 2.3857275], [0.7952425, 0.7952425, 5.5666975], [0.7952425, 0.7952425, 8.7476675], [0.7952425, 0.7952425, 11.928637499999999], [0.7952425, 0.7952425, 15.1096075], [0.7952425, 0.7952425, 18.2905775], [0.7952425, 0.7952425, 21.4715475], [0.7952425, 0.7952425, 24.652517500000002]], "elements": ["W", "W", "W", "W", "W", "W", "W", "W", "W", "W", "W", "W", "W", "W", "W", "W"], "abc": [3.18097, 3.18097, 43.44776], "angles": [90.0, 90.0, 90.0], "cartesian": true, "props": ["", "", "", "", "", "", "", "", "", "", "", "", "", "", "", ""]}}