{"name": "JVASP-984_Rh_1_1_1", "surf_en": 2.4182820826280174, "energy": -189.37800245635609, "perf_atoms": {"directgap": 0.0, "indirectgap": -1.0280139530403765, "energy": -28.152444950755335, "force": "na", "stress": "na"}, "defect_atoms": {"lattice_mat": [[5.419563355861799, 0.0, 0.0], [2.709781677930899, 4.693479543595562, 0.0], [0.0, 0.0, 33.48769232563823]], "coords": [[6.0969987077591234, 3.5201096576966715, 1.106262574726476], [3.3872203856900227, 1.9556164764981507, 3.318790049817651], [0.6774420636209217, 0.39112329529963036, 5.531317524908825], [6.097003741551823, 3.52011011410111, 7.743845], [3.387225419482724, 1.9556169329025888, 9.956372475091177], [0.6774470974136206, 0.39112375170406827, 12.16889995018235], [6.0970087753445235, 3.5201105705055475, 14.381427425273529], [4.7421095467245715, 1.1733694294944526, 1.106262574726476], [4.742111224655471, 4.302356248295932, 3.318790049817651], [2.0323329025863717, 2.737863067097412, 5.531317524908825], [4.742114580517273, 1.173369885898891, 7.743845000000002], [4.742116258448173, 4.30235670470037, 9.956372475091177], [2.032337936379071, 2.7378635235018502, 12.16889995018235], [4.742119614309974, 1.173370342303329, 14.381427425273529], [3.3872203856900236, 3.5201096576966715, 1.106262574726476], [6.097002063620923, 1.9556164764981507, 3.31879004981765], [3.3872237415518214, 0.39112329529963036, 5.531317524908825], [3.3872254194827227, 3.52011011410111, 7.743845], [6.097007097413622, 1.9556169329025896, 9.956372475091175], [3.3872287753445187, 0.3911237517040703, 12.168899950182348], [3.3872304532754236, 3.5201105705055475, 14.381427425273527], [2.032331224655471, 1.1733694294944526, 1.106262574726476], [7.451892902586372, 4.302356248295932, 3.31879004981765], [4.742114580517268, 2.737863067097411, 5.5313175249088244], [2.032336258448172, 1.1733698858988906, 7.7438449999999985], [7.451897936379071, 4.302356704700371, 9.956372475091175], [4.742119614309969, 2.7378635235018516, 12.168899950182348], [2.0323412922408695, 1.17337034230333, 14.381427425273527]], "elements": ["Rh", "Rh", "Rh", "Rh", "Rh", "Rh", "Rh", "Rh", "Rh", "Rh", "Rh", "Rh", "Rh", "Rh", "Rh", "Rh", "Rh", "Rh", "Rh", "Rh", "Rh", "Rh", "Rh", "Rh", "Rh", "Rh", "Rh", "Rh"], "abc": [5.41956, 5.419563, 33.48769], "angles": [90.0, 90.0, 60.0], "cartesian": true, "props": ["", "", "", "", "", "", "", "", "", "", "", "", "", "", "", "", "", "", "", "", "", "", "", "", "", "", "", ""]}}