{"name": "JVASP-910_La_0_0_1", "surf_en": 0.901951099482953, "energy": -57.95895179947961, "perf_atoms": {"directgap": 0.06458769178218356, "indirectgap": -0.25290816950558914, "energy": -19.774419327826447, "force": "na", "stress": "na"}, "defect_atoms": {"lattice_mat": [[3.7380420781473287, 0.0, 0.0], [-1.8690231172204153, 3.237238200271287, 0.0], [0.0, 0.0, 53.97015]], "coords": [[1.401765259768272, 2.427930449932178, 1.4987562500000005], [1.401765259768272, 2.427930449932178, 13.48880625], [1.401765259768272, 2.427930449932178, 25.478856249999996], [1.401765259768272, 2.427930449932178, 7.4937812500000005], [1.401765259768272, 2.427930449932178, 19.48383125], [1.401765259768272, 2.427930449932178, 31.473881249999998], [1.4017656061263517, 0.2697698500226071, 10.491293750000002], [1.4017656061263517, 0.2697698500226071, 22.481343750000004], [1.4017656061263517, 0.2697698500226071, 34.471393750000004], [-0.4672561256628959, 1.3488492501130365, 4.49626875], [-0.4672561256628959, 1.3488492501130365, 16.48631875], [-0.4672561256628959, 1.3488492501130365, 28.47636875]], "elements": ["La", "La", "La", "La", "La", "La", "La", "La", "La", "La", "La", "La"], "abc": [3.73804, 3.738042, 53.97015], "angles": [90.0, 90.0, 120.0], "cartesian": true, "props": ["", "", "", "", "", "", "", "", "", "", "", ""]}}