{"name": "JVASP-910_La_1_1_0", "surf_en": 0.947898047886549, "energy": -129.22284794168726, "perf_atoms": {"directgap": 0.06458769178218356, "indirectgap": -0.25290816950558914, "energy": -19.774419327826447, "force": "na", "stress": "na"}, "defect_atoms": {"lattice_mat": [[6.47448, 0.0, 0.0], [0.0, 11.99005, 0.0], [0.0, 0.0, 31.08314]], "coords": [[1.6186199999999957, 7.49378125, 0.9345100000000011], [4.855859999999995, 7.49378125, 2.8035300000000003], [1.6186199999999957, 7.49378125, 4.67255], [4.855859999999995, 7.49378125, 6.541569999999999], [1.6186199999999957, 7.49378125, 8.41059], [4.855859999999993, 7.49378125, 10.279609999999996], [1.6186199999999957, 7.49378125, 12.148629999999997], [1.6186199999999957, 1.49875625, 0.9345100000000011], [4.855859999999995, 1.49875625, 2.8035300000000003], [1.6186199999999957, 1.49875625, 4.67255], [4.855859999999995, 1.49875625, 6.541569999999999], [1.6186199999999957, 1.49875625, 8.41059], [4.855859999999993, 1.49875625, 10.279609999999996], [1.6186199999999957, 1.49875625, 12.148629999999997], [5.934939999999996, 10.49129375, 0.9345100000000011], [2.6976999999999944, 10.49129375, 2.8035300000000003], [5.934939999999996, 10.49129375, 4.67255], [2.6976999999999944, 10.49129375, 6.541569999999999], [5.934939999999995, 10.49129375, 8.41059], [2.6976999999999944, 10.49129375, 10.279609999999996], [5.934939999999995, 10.49129375, 12.148629999999997], [3.7767799999999965, 4.4962687500000005, 0.9345100000000011], [0.5395399999999966, 4.4962687500000005, 2.8035300000000003], [3.7767799999999965, 4.4962687500000005, 4.67255], [0.5395399999999966, 4.4962687500000005, 6.541569999999999], [3.7767799999999965, 4.4962687500000005, 8.41059], [0.5395399999999909, 4.4962687500000005, 10.279609999999996], [3.7767799999999996, 4.4962687500000005, 12.148629999999997]], "elements": ["La", "La", "La", "La", "La", "La", "La", "La", "La", "La", "La", "La", "La", "La", "La", "La", "La", "La", "La", "La", "La", "La", "La", "La", "La", "La", "La", "La"], "abc": [6.47448, 11.99005, 31.08314], "angles": [90.0, 90.0, 90.0], "cartesian": true, "props": ["", "", "", "", "", "", "", "", "", "", "", "", "", "", "", "", "", "", "", "", "", "", "", "", "", "", "", ""]}}